"filename", "language", "JavaScript React", "Less", "JavaScript", "CSS", "JSON", "HTML", "comment", "blank", "total"
"d:\工作\软工实验\sep\SE-Project-Front\src\pages\404.jsx", "JavaScript React", 16, 0, 0, 0, 0, 0, 0, 3, 19
"d:\工作\软工实验\sep\SE-Project-Front\src\pages\Admin.jsx", "JavaScript React", 52, 0, 0, 0, 0, 0, 0, 1, 53
"d:\工作\软工实验\sep\SE-Project-Front\src\pages\Assign.js", "JavaScript", 0, 0, 109, 0, 0, 0, 4, 8, 121
"d:\工作\软工实验\sep\SE-Project-Front\src\pages\Attachment.js", "JavaScript", 0, 0, 38, 0, 0, 0, 0, 6, 44
"d:\工作\软工实验\sep\SE-Project-Front\src\pages\Contract.css", "CSS", 0, 0, 0, 4, 0, 0, 0, 1, 5
"d:\工作\软工实验\sep\SE-Project-Front\src\pages\Contract.js", "JavaScript", 0, 0, 48, 0, 0, 0, 0, 6, 54
"d:\工作\软工实验\sep\SE-Project-Front\src\pages\ContractDisplay.js", "JavaScript", 0, 0, 119, 0, 0, 0, 17, 11, 147
"d:\工作\软工实验\sep\SE-Project-Front\src\pages\ContractFill.css", "CSS", 0, 0, 0, 64, 0, 0, 0, 10, 74
"d:\工作\软工实验\sep\SE-Project-Front\src\pages\ContractFill.js", "JavaScript", 0, 0, 283, 0, 0, 0, 549, 8, 840
"d:\工作\软工实验\sep\SE-Project-Front\src\pages\ContractUpload.js", "JavaScript", 0, 0, 30, 0, 0, 0, 0, 3, 33
"d:\工作\软工实验\sep\SE-Project-Front\src\pages\ContractVerify.js", "JavaScript", 0, 0, 230, 0, 0, 0, 55, 9, 294
"d:\工作\软工实验\sep\SE-Project-Front\src\pages\DocumentVerify.js", "JavaScript", 0, 0, 644, 0, 0, 0, 1, 7, 652
"d:\工作\软工实验\sep\SE-Project-Front\src\pages\EntrustmentDisplay.js", "JavaScript", 0, 0, 591, 0, 0, 0, 7, 4, 602
"d:\工作\软工实验\sep\SE-Project-Front\src\pages\EntrustmentFill.js", "JavaScript", 0, 0, 607, 0, 0, 0, 8, 5, 620
"d:\工作\软工实验\sep\SE-Project-Front\src\pages\EntrustmentList.js", "JavaScript", 0, 0, 154, 0, 0, 0, 3, 9, 166
"d:\工作\软工实验\sep\SE-Project-Front\src\pages\EntrustmentVerify.js", "JavaScript", 0, 0, 750, 0, 0, 0, 11, 8, 769
"d:\工作\软工实验\sep\SE-Project-Front\src\pages\Form.js", "JavaScript", 0, 0, 20, 0, 0, 0, 0, 1, 21
"d:\工作\软工实验\sep\SE-Project-Front\src\pages\FormFill.css", "CSS", 0, 0, 0, 33, 0, 0, 0, 6, 39
"d:\工作\软工实验\sep\SE-Project-Front\src\pages\FormFill.js", "JavaScript", 0, 0, 102, 0, 0, 0, 15, 12, 129
"d:\工作\软工实验\sep\SE-Project-Front\src\pages\Home.js", "JavaScript", 0, 0, 28, 0, 0, 0, 10, 2, 40
"d:\工作\软工实验\sep\SE-Project-Front\src\pages\JS012.js", "JavaScript", 0, 0, 246, 0, 0, 0, 5, 4, 255
"d:\工作\软工实验\sep\SE-Project-Front\src\pages\OurLogin.css", "CSS", 0, 0, 0, 6, 0, 0, 7, 2, 15
"d:\工作\软工实验\sep\SE-Project-Front\src\pages\OurLogin.js", "JavaScript", 0, 0, 142, 0, 0, 0, 9, 15, 166
"d:\工作\软工实验\sep\SE-Project-Front\src\pages\Progress.js", "JavaScript", 0, 0, 761, 0, 0, 0, 32, 23, 816
"d:\工作\软工实验\sep\SE-Project-Front\src\pages\QuotationFill.css", "CSS", 0, 0, 0, 64, 0, 0, 0, 10, 74
"d:\工作\软工实验\sep\SE-Project-Front\src\pages\QuotationFill.js", "JavaScript", 0, 0, 222, 0, 0, 0, 396, 4, 622
"d:\工作\软工实验\sep\SE-Project-Front\src\pages\Sample.js", "JavaScript", 0, 0, 11, 0, 0, 0, 1, 1, 13
"d:\工作\软工实验\sep\SE-Project-Front\src\pages\Search.js", "JavaScript", 0, 0, 11, 0, 0, 0, 0, 1, 12
"d:\工作\软工实验\sep\SE-Project-Front\src\pages\SignUp.js", "JavaScript", 0, 0, 186, 0, 0, 0, 4, 18, 208
"d:\工作\软工实验\sep\SE-Project-Front\src\pages\TableList\components\UpdateForm.jsx", "JavaScript React", 194, 0, 0, 0, 0, 0, 0, 3, 197
"d:\工作\软工实验\sep\SE-Project-Front\src\pages\TableList\index.jsx", "JavaScript React", 355, 0, 0, 0, 0, 0, 29, 20, 404
"d:\工作\软工实验\sep\SE-Project-Front\src\pages\TestAssign.js", "JavaScript", 0, 0, 106, 0, 0, 0, 3, 11, 120
"d:\工作\软工实验\sep\SE-Project-Front\src\pages\TestList.js", "JavaScript", 0, 0, 171, 0, 0, 0, 3, 6, 180
"d:\工作\软工实验\sep\SE-Project-Front\src\pages\TestVerify.js", "JavaScript", 0, 0, 269, 0, 0, 0, 0, 7, 276
"d:\工作\软工实验\sep\SE-Project-Front\src\pages\UserInfo.js", "JavaScript", 0, 0, 316, 0, 0, 0, 2, 27, 345
"d:\工作\软工实验\sep\SE-Project-Front\src\pages\Welcome.jsx", "JavaScript React", 61, 0, 0, 0, 0, 0, 0, 3, 64
"d:\工作\软工实验\sep\SE-Project-Front\src\pages\Welcome.less", "Less", 0, 7, 0, 0, 0, 0, 0, 2, 9
"d:\工作\软工实验\sep\SE-Project-Front\src\pages\account\center\Center.less", "Less", 0, 74, 0, 0, 0, 0, 0, 13, 87
"d:\工作\软工实验\sep\SE-Project-Front\src\pages\account\center\_mock.js", "JavaScript", 0, 0, 222, 0, 0, 0, 2, 8, 232
"d:\工作\软工实验\sep\SE-Project-Front\src\pages\account\center\components\Applications\index.jsx", "JavaScript React", 123, 0, 0, 0, 0, 0, 1, 7, 131
"d:\工作\软工实验\sep\SE-Project-Front\src\pages\account\center\components\Applications\index.less", "Less", 0, 48, 0, 0, 0, 0, 1, 3, 52
"d:\工作\软工实验\sep\SE-Project-Front\src\pages\account\center\components\ArticleListContent\index.jsx", "JavaScript React", 15, 0, 0, 0, 0, 0, 0, 3, 18
"d:\工作\软工实验\sep\SE-Project-Front\src\pages\account\center\components\ArticleListContent\index.less", "Less", 0, 36, 0, 0, 0, 0, 0, 3, 39
"d:\工作\软工实验\sep\SE-Project-Front\src\pages\account\center\components\Articles\index.jsx", "JavaScript React", 55, 0, 0, 0, 0, 0, 0, 4, 59
"d:\工作\软工实验\sep\SE-Project-Front\src\pages\account\center\components\Articles\index.less", "Less", 0, 11, 0, 0, 0, 0, 0, 2, 13
"d:\工作\软工实验\sep\SE-Project-Front\src\pages\account\center\components\AvatarList\index.jsx", "JavaScript React", 55, 0, 0, 0, 0, 0, 0, 7, 62
"d:\工作\软工实验\sep\SE-Project-Front\src\pages\account\center\components\AvatarList\index.less", "Less", 0, 44, 0, 0, 0, 0, 0, 7, 51
"d:\工作\软工实验\sep\SE-Project-Front\src\pages\account\center\components\Projects\index.jsx", "JavaScript React", 52, 0, 0, 0, 0, 0, 1, 3, 56
"d:\工作\软工实验\sep\SE-Project-Front\src\pages\account\center\components\Projects\index.less", "Less", 0, 50, 0, 0, 0, 0, 0, 5, 55
"d:\工作\软工实验\sep\SE-Project-Front\src\pages\account\center\index.jsx", "JavaScript React", 246, 0, 0, 0, 0, 0, 1, 18, 265
"d:\工作\软工实验\sep\SE-Project-Front\src\pages\account\center\service.js", "JavaScript", 0, 0, 9, 0, 0, 0, 0, 1, 10
"d:\工作\软工实验\sep\SE-Project-Front\src\pages\account\settings\_mock.js", "JavaScript", 0, 0, 71, 0, 0, 0, 2, 6, 79
"d:\工作\软工实验\sep\SE-Project-Front\src\pages\account\settings\components\BaseView.less", "Less", 0, 59, 0, 0, 0, 0, 0, 7, 66
"d:\工作\软工实验\sep\SE-Project-Front\src\pages\account\settings\components\PhoneView.jsx", "JavaScript React", 33, 0, 0, 0, 0, 0, 0, 5, 38
"d:\工作\软工实验\sep\SE-Project-Front\src\pages\account\settings\components\base.jsx", "JavaScript React", 225, 0, 0, 0, 0, 0, 0, 14, 239
"d:\工作\软工实验\sep\SE-Project-Front\src\pages\account\settings\components\binding.jsx", "JavaScript React", 43, 0, 0, 0, 0, 0, 0, 4, 47
"d:\工作\软工实验\sep\SE-Project-Front\src\pages\account\settings\components\notification.jsx", "JavaScript React", 39, 0, 0, 0, 0, 0, 0, 4, 43
"d:\工作\软工实验\sep\SE-Project-Front\src\pages\account\settings\components\security.jsx", "JavaScript React", 56, 0, 0, 0, 0, 0, 0, 4, 60
"d:\工作\软工实验\sep\SE-Project-Front\src\pages\account\settings\geographic\city.json", "JSON", 0, 0, 0, 0, 1784, 0, 0, 1, 1785
"d:\工作\软工实验\sep\SE-Project-Front\src\pages\account\settings\geographic\province.json", "JSON", 0, 0, 0, 0, 138, 0, 0, 1, 139
"d:\工作\软工实验\sep\SE-Project-Front\src\pages\account\settings\index.jsx", "JavaScript React", 94, 0, 0, 0, 0, 0, 0, 18, 112
"d:\工作\软工实验\sep\SE-Project-Front\src\pages\account\settings\service.js", "JavaScript", 0, 0, 13, 0, 0, 0, 0, 1, 14
"d:\工作\软工实验\sep\SE-Project-Front\src\pages\account\settings\style.less", "Less", 0, 88, 0, 0, 0, 0, 2, 4, 94
"d:\工作\软工实验\sep\SE-Project-Front\src\pages\dashboard\analysis\_mock.js", "JavaScript", 0, 0, 195, 0, 0, 0, 1, 15, 211
"d:\工作\软工实验\sep\SE-Project-Front\src\pages\dashboard\analysis\components\Charts\Bar\index.jsx", "JavaScript React", 114, 0, 0, 0, 0, 0, 0, 11, 125
"d:\工作\软工实验\sep\SE-Project-Front\src\pages\dashboard\analysis\components\Charts\ChartCard\index.jsx", "JavaScript React", 91, 0, 0, 0, 0, 0, 0, 12, 103
"d:\工作\软工实验\sep\SE-Project-Front\src\pages\dashboard\analysis\components\Charts\ChartCard\index.less", "Less", 0, 74, 0, 0, 0, 0, 0, 2, 76
"d:\工作\软工实验\sep\SE-Project-Front\src\pages\dashboard\analysis\components\Charts\Field\index.jsx", "JavaScript React", 9, 0, 0, 0, 0, 0, 0, 3, 12
"d:\工作\软工实验\sep\SE-Project-Front\src\pages\dashboard\analysis\components\Charts\Field\index.less", "Less", 0, 16, 0, 0, 0, 0, 0, 2, 18
"d:\工作\软工实验\sep\SE-Project-Front\src\pages\dashboard\analysis\components\Charts\Gauge\index.jsx", "JavaScript React", 161, 0, 0, 0, 0, 0, 0, 11, 172
"d:\工作\软工实验\sep\SE-Project-Front\src\pages\dashboard\analysis\components\Charts\MiniArea\index.jsx", "JavaScript React", 110, 0, 0, 0, 0, 0, 0, 3, 113
"d:\工作\软工实验\sep\SE-Project-Front\src\pages\dashboard\analysis\components\Charts\MiniBar\index.jsx", "JavaScript React", 40, 0, 0, 0, 0, 0, 0, 4, 44
"d:\工作\软工实验\sep\SE-Project-Front\src\pages\dashboard\analysis\components\Charts\MiniProgress\index.jsx", "JavaScript React", 43, 0, 0, 0, 0, 0, 0, 3, 46
"d:\工作\软工实验\sep\SE-Project-Front\src\pages\dashboard\analysis\components\Charts\Pie\index.jsx", "JavaScript React", 241, 0, 0, 0, 0, 0, 4, 26, 271
"d:\工作\软工实验\sep\SE-Project-Front\src\pages\dashboard\analysis\components\Charts\TagCloud\index.jsx", "JavaScript React", 165, 0, 0, 0, 0, 0, 5, 20, 190
"d:\工作\软工实验\sep\SE-Project-Front\src\pages\dashboard\analysis\components\Charts\TimelineChart\index.jsx", "JavaScript React", 127, 0, 0, 0, 0, 0, 2, 8, 137
"d:\工作\软工实验\sep\SE-Project-Front\src\pages\dashboard\analysis\components\Charts\WaterWave\index.jsx", "JavaScript React", 207, 0, 0, 0, 0, 0, 4, 35, 246
"d:\工作\软工实验\sep\SE-Project-Front\src\pages\dashboard\analysis\components\Charts\autoHeight.jsx", "JavaScript React", 62, 0, 0, 0, 0, 0, 0, 14, 76
"d:\工作\软工实验\sep\SE-Project-Front\src\pages\dashboard\analysis\components\Charts\index.jsx", "JavaScript React", 10, 0, 0, 0, 0, 0, 0, 3, 13
"d:\工作\软工实验\sep\SE-Project-Front\src\pages\dashboard\analysis\components\Charts\index.less", "Less", 0, 19, 0, 0, 0, 0, 0, 1, 20
"d:\工作\软工实验\sep\SE-Project-Front\src\pages\dashboard\analysis\components\IntroduceRow.jsx", "JavaScript React", 146, 0, 0, 0, 0, 0, 0, 4, 150
"d:\工作\软工实验\sep\SE-Project-Front\src\pages\dashboard\analysis\components\NumberInfo\index.jsx", "JavaScript React", 48, 0, 0, 0, 0, 0, 0, 3, 51
"d:\工作\软工实验\sep\SE-Project-Front\src\pages\dashboard\analysis\components\NumberInfo\index.less", "Less", 0, 67, 0, 0, 0, 0, 0, 2, 69
"d:\工作\软工实验\sep\SE-Project-Front\src\pages\dashboard\analysis\components\OfflineData.jsx", "JavaScript React", 74, 0, 0, 0, 0, 0, 0, 5, 79
"d:\工作\软工实验\sep\SE-Project-Front\src\pages\dashboard\analysis\components\PageLoading\index.jsx", "JavaScript React", 11, 0, 0, 0, 0, 0, 1, 2, 14
"d:\工作\软工实验\sep\SE-Project-Front\src\pages\dashboard\analysis\components\ProportionSales.jsx", "JavaScript React", 61, 0, 0, 0, 0, 0, 1, 3, 65
"d:\工作\软工实验\sep\SE-Project-Front\src\pages\dashboard\analysis\components\SalesCard.jsx", "JavaScript React", 181, 0, 0, 0, 0, 0, 0, 4, 185
"d:\工作\软工实验\sep\SE-Project-Front\src\pages\dashboard\analysis\components\TopSearch.jsx", "JavaScript React", 126, 0, 0, 0, 0, 0, 0, 3, 129
"d:\工作\软工实验\sep\SE-Project-Front\src\pages\dashboard\analysis\components\Trend\index.jsx", "JavaScript React", 25, 0, 0, 0, 0, 0, 0, 3, 28
"d:\工作\软工实验\sep\SE-Project-Front\src\pages\dashboard\analysis\components\Trend\index.less", "Less", 0, 33, 0, 0, 0, 0, 0, 5, 38
"d:\工作\软工实验\sep\SE-Project-Front\src\pages\dashboard\analysis\index.jsx", "JavaScript React", 128, 0, 0, 0, 0, 0, 0, 20, 148
"d:\工作\软工实验\sep\SE-Project-Front\src\pages\dashboard\analysis\service.js", "JavaScript", 0, 0, 4, 0, 0, 0, 0, 1, 5
"d:\工作\软工实验\sep\SE-Project-Front\src\pages\dashboard\analysis\style.less", "Less", 0, 175, 0, 0, 0, 0, 0, 15, 190
"d:\工作\软工实验\sep\SE-Project-Front\src\pages\dashboard\analysis\utils\Yuan.jsx", "JavaScript React", 26, 0, 0, 0, 0, 0, 1, 7, 34
"d:\工作\软工实验\sep\SE-Project-Front\src\pages\dashboard\analysis\utils\utils.js", "JavaScript", 0, 0, 39, 0, 0, 0, 0, 8, 47
"d:\工作\软工实验\sep\SE-Project-Front\src\pages\dashboard\analysis\utils\utils.less", "Less", 0, 46, 0, 0, 0, 0, 2, 3, 51
"d:\工作\软工实验\sep\SE-Project-Front\src\pages\dashboard\monitor\_mock.js", "JavaScript", 0, 0, 17, 0, 0, 0, 0, 3, 20
"d:\工作\软工实验\sep\SE-Project-Front\src\pages\dashboard\monitor\components\ActiveChart\index.jsx", "JavaScript React", 83, 0, 0, 0, 0, 0, 0, 11, 94
"d:\工作\软工实验\sep\SE-Project-Front\src\pages\dashboard\monitor\components\ActiveChart\index.less", "Less", 0, 49, 0, 0, 0, 0, 0, 3, 52
"d:\工作\软工实验\sep\SE-Project-Front\src\pages\dashboard\monitor\components\Charts\Gauge\index.jsx", "JavaScript React", 161, 0, 0, 0, 0, 0, 0, 11, 172
"d:\工作\软工实验\sep\SE-Project-Front\src\pages\dashboard\monitor\components\Charts\MiniArea\index.jsx", "JavaScript React", 110, 0, 0, 0, 0, 0, 0, 3, 113
"d:\工作\软工实验\sep\SE-Project-Front\src\pages\dashboard\monitor\components\Charts\Pie\index.jsx", "JavaScript React", 241, 0, 0, 0, 0, 0, 4, 27, 272
"d:\工作\软工实验\sep\SE-Project-Front\src\pages\dashboard\monitor\components\Charts\TagCloud\index.jsx", "JavaScript React", 165, 0, 0, 0, 0, 0, 5, 20, 190
"d:\工作\软工实验\sep\SE-Project-Front\src\pages\dashboard\monitor\components\Charts\WaterWave\index.jsx", "JavaScript React", 207, 0, 0, 0, 0, 0, 4, 35, 246
"d:\工作\软工实验\sep\SE-Project-Front\src\pages\dashboard\monitor\components\Charts\autoHeight.jsx", "JavaScript React", 62, 0, 0, 0, 0, 0, 0, 14, 76
"d:\工作\软工实验\sep\SE-Project-Front\src\pages\dashboard\monitor\components\Map\index.jsx", "JavaScript React", 142, 0, 0, 0, 0, 0, 0, 3, 145
"d:\工作\软工实验\sep\SE-Project-Front\src\pages\dashboard\monitor\index.jsx", "JavaScript React", 186, 0, 0, 0, 0, 0, 9, 3, 198
"d:\工作\软工实验\sep\SE-Project-Front\src\pages\dashboard\monitor\service.js", "JavaScript", 0, 0, 4, 0, 0, 0, 0, 1, 5
"d:\工作\软工实验\sep\SE-Project-Front\src\pages\dashboard\monitor\style.less", "Less", 0, 18, 0, 0, 0, 0, 0, 4, 22
"d:\工作\软工实验\sep\SE-Project-Front\src\pages\dashboard\workplace\_mock.js", "JavaScript", 0, 0, 392, 0, 0, 0, 1, 18, 411
"d:\工作\软工实验\sep\SE-Project-Front\src\pages\dashboard\workplace\components\EditableLinkGroup\index.jsx", "JavaScript React", 31, 0, 0, 0, 0, 0, 0, 3, 34
"d:\工作\软工实验\sep\SE-Project-Front\src\pages\dashboard\workplace\components\EditableLinkGroup\index.less", "Less", 0, 15, 0, 0, 0, 0, 0, 2, 17
"d:\工作\软工实验\sep\SE-Project-Front\src\pages\dashboard\workplace\components\Radar\autoHeight.jsx", "JavaScript React", 62, 0, 0, 0, 0, 0, 0, 14, 76
"d:\工作\软工实验\sep\SE-Project-Front\src\pages\dashboard\workplace\components\Radar\index.jsx", "JavaScript React", 166, 0, 0, 0, 0, 0, 2, 13, 181
"d:\工作\软工实验\sep\SE-Project-Front\src\pages\dashboard\workplace\index.jsx", "JavaScript React", 260, 0, 0, 0, 0, 0, 0, 10, 270
"d:\工作\软工实验\sep\SE-Project-Front\src\pages\dashboard\workplace\service.js", "JavaScript", 0, 0, 10, 0, 0, 0, 0, 1, 11
"d:\工作\软工实验\sep\SE-Project-Front\src\pages\dashboard\workplace\style.less", "Less", 0, 234, 0, 0, 0, 0, 2, 15, 251
"d:\工作\软工实验\sep\SE-Project-Front\src\pages\document.ejs", "HTML", 0, 0, 0, 0, 0, 220, 0, 16, 236
"d:\工作\软工实验\sep\SE-Project-Front\src\pages\editor\flow\common\IconFont\index.js", "JavaScript", 0, 0, 5, 0, 0, 0, 0, 1, 6
"d:\工作\软工实验\sep\SE-Project-Front\src\pages\editor\flow\components\EditorContextMenu\FlowContextMenu.jsx", "JavaScript React", 31, 0, 0, 0, 0, 0, 0, 3, 34
"d:\工作\软工实验\sep\SE-Project-Front\src\pages\editor\flow\components\EditorContextMenu\KoniContextMenu.jsx", "JavaScript React", 2, 0, 0, 0, 0, 0, 0, 1, 3
"d:\工作\软工实验\sep\SE-Project-Front\src\pages\editor\flow\components\EditorContextMenu\MenuItem.jsx", "JavaScript React", 17, 0, 0, 0, 0, 0, 0, 4, 21
"d:\工作\软工实验\sep\SE-Project-Front\src\pages\editor\flow\components\EditorContextMenu\MindContextMenu.jsx", "JavaScript React", 19, 0, 0, 0, 0, 0, 0, 3, 22
"d:\工作\软工实验\sep\SE-Project-Front\src\pages\editor\flow\components\EditorContextMenu\index.jsx", "JavaScript React", 4, 0, 0, 0, 0, 0, 0, 1, 5
"d:\工作\软工实验\sep\SE-Project-Front\src\pages\editor\flow\components\EditorContextMenu\index.less", "Less", 0, 35, 0, 0, 0, 0, 0, 7, 42
"d:\工作\软工实验\sep\SE-Project-Front\src\pages\editor\flow\components\EditorDetailPanel\DetailForm.jsx", "JavaScript React", 113, 0, 0, 0, 0, 0, 0, 11, 124
"d:\工作\软工实验\sep\SE-Project-Front\src\pages\editor\flow\components\EditorDetailPanel\FlowDetailPanel.jsx", "JavaScript React", 24, 0, 0, 0, 0, 0, 0, 3, 27
"d:\工作\软工实验\sep\SE-Project-Front\src\pages\editor\flow\components\EditorDetailPanel\KoniDetailPanel.jsx", "JavaScript React", 2, 0, 0, 0, 0, 0, 0, 1, 3
"d:\工作\软工实验\sep\SE-Project-Front\src\pages\editor\flow\components\EditorDetailPanel\MindDetailPanel.jsx", "JavaScript React", 15, 0, 0, 0, 0, 0, 0, 3, 18
"d:\工作\软工实验\sep\SE-Project-Front\src\pages\editor\flow\components\EditorDetailPanel\index.jsx", "JavaScript React", 4, 0, 0, 0, 0, 0, 0, 1, 5
"d:\工作\软工实验\sep\SE-Project-Front\src\pages\editor\flow\components\EditorDetailPanel\index.less", "Less", 0, 5, 0, 0, 0, 0, 0, 2, 7
"d:\工作\软工实验\sep\SE-Project-Front\src\pages\editor\flow\components\EditorItemPanel\FlowItemPanel.jsx", "JavaScript React", 50, 0, 0, 0, 0, 0, 0, 3, 53
"d:\工作\软工实验\sep\SE-Project-Front\src\pages\editor\flow\components\EditorItemPanel\KoniItemPanel.jsx", "JavaScript React", 46, 0, 0, 0, 0, 0, 0, 3, 49
"d:\工作\软工实验\sep\SE-Project-Front\src\pages\editor\flow\components\EditorItemPanel\index.jsx", "JavaScript React", 3, 0, 0, 0, 0, 0, 0, 1, 4
"d:\工作\软工实验\sep\SE-Project-Front\src\pages\editor\flow\components\EditorItemPanel\index.less", "Less", 0, 17, 0, 0, 0, 0, 0, 3, 20
"d:\工作\软工实验\sep\SE-Project-Front\src\pages\editor\flow\components\EditorMinimap\index.jsx", "JavaScript React", 8, 0, 0, 0, 0, 0, 0, 3, 11
"d:\工作\软工实验\sep\SE-Project-Front\src\pages\editor\flow\components\EditorToolbar\FlowToolbar.jsx", "JavaScript React", 27, 0, 0, 0, 0, 0, 0, 3, 30
"d:\工作\软工实验\sep\SE-Project-Front\src\pages\editor\flow\components\EditorToolbar\KoniToolbar.jsx", "JavaScript React", 2, 0, 0, 0, 0, 0, 0, 1, 3
"d:\工作\软工实验\sep\SE-Project-Front\src\pages\editor\flow\components\EditorToolbar\MindToolbar.jsx", "JavaScript React", 22, 0, 0, 0, 0, 0, 0, 3, 25
"d:\工作\软工实验\sep\SE-Project-Front\src\pages\editor\flow\components\EditorToolbar\ToolbarButton.jsx", "JavaScript React", 21, 0, 0, 0, 0, 0, 0, 4, 25
"d:\工作\软工实验\sep\SE-Project-Front\src\pages\editor\flow\components\EditorToolbar\index.jsx", "JavaScript React", 4, 0, 0, 0, 0, 0, 0, 1, 5
"d:\工作\软工实验\sep\SE-Project-Front\src\pages\editor\flow\components\EditorToolbar\index.less", "Less", 0, 34, 0, 0, 0, 0, 0, 7, 41
"d:\工作\软工实验\sep\SE-Project-Front\src\pages\editor\flow\index.jsx", "JavaScript React", 34, 0, 0, 0, 0, 0, 0, 1, 35
"d:\工作\软工实验\sep\SE-Project-Front\src\pages\editor\flow\index.less", "Less", 0, 41, 0, 0, 0, 0, 0, 8, 49
"d:\工作\软工实验\sep\SE-Project-Front\src\pages\editor\koni\common\IconFont\index.js", "JavaScript", 0, 0, 5, 0, 0, 0, 0, 1, 6
"d:\工作\软工实验\sep\SE-Project-Front\src\pages\editor\koni\components\EditorContextMenu\FlowContextMenu.jsx", "JavaScript React", 31, 0, 0, 0, 0, 0, 0, 3, 34
"d:\工作\软工实验\sep\SE-Project-Front\src\pages\editor\koni\components\EditorContextMenu\KoniContextMenu.jsx", "JavaScript React", 2, 0, 0, 0, 0, 0, 0, 1, 3
"d:\工作\软工实验\sep\SE-Project-Front\src\pages\editor\koni\components\EditorContextMenu\MenuItem.jsx", "JavaScript React", 17, 0, 0, 0, 0, 0, 0, 4, 21
"d:\工作\软工实验\sep\SE-Project-Front\src\pages\editor\koni\components\EditorContextMenu\MindContextMenu.jsx", "JavaScript React", 19, 0, 0, 0, 0, 0, 0, 3, 22
"d:\工作\软工实验\sep\SE-Project-Front\src\pages\editor\koni\components\EditorContextMenu\index.jsx", "JavaScript React", 4, 0, 0, 0, 0, 0, 0, 1, 5
"d:\工作\软工实验\sep\SE-Project-Front\src\pages\editor\koni\components\EditorContextMenu\index.less", "Less", 0, 35, 0, 0, 0, 0, 0, 6, 41
"d:\工作\软工实验\sep\SE-Project-Front\src\pages\editor\koni\components\EditorDetailPanel\DetailForm.jsx", "JavaScript React", 113, 0, 0, 0, 0, 0, 0, 11, 124
"d:\工作\软工实验\sep\SE-Project-Front\src\pages\editor\koni\components\EditorDetailPanel\FlowDetailPanel.jsx", "JavaScript React", 24, 0, 0, 0, 0, 0, 0, 3, 27
"d:\工作\软工实验\sep\SE-Project-Front\src\pages\editor\koni\components\EditorDetailPanel\KoniDetailPanel.jsx", "JavaScript React", 2, 0, 0, 0, 0, 0, 0, 1, 3
"d:\工作\软工实验\sep\SE-Project-Front\src\pages\editor\koni\components\EditorDetailPanel\MindDetailPanel.jsx", "JavaScript React", 15, 0, 0, 0, 0, 0, 0, 3, 18
"d:\工作\软工实验\sep\SE-Project-Front\src\pages\editor\koni\components\EditorDetailPanel\index.jsx", "JavaScript React", 4, 0, 0, 0, 0, 0, 0, 1, 5
"d:\工作\软工实验\sep\SE-Project-Front\src\pages\editor\koni\components\EditorDetailPanel\index.less", "Less", 0, 5, 0, 0, 0, 0, 0, 2, 7
"d:\工作\软工实验\sep\SE-Project-Front\src\pages\editor\koni\components\EditorItemPanel\FlowItemPanel.jsx", "JavaScript React", 50, 0, 0, 0, 0, 0, 0, 3, 53
"d:\工作\软工实验\sep\SE-Project-Front\src\pages\editor\koni\components\EditorItemPanel\KoniItemPanel.jsx", "JavaScript React", 46, 0, 0, 0, 0, 0, 0, 3, 49
"d:\工作\软工实验\sep\SE-Project-Front\src\pages\editor\koni\components\EditorItemPanel\index.jsx", "JavaScript React", 3, 0, 0, 0, 0, 0, 0, 1, 4
"d:\工作\软工实验\sep\SE-Project-Front\src\pages\editor\koni\components\EditorItemPanel\index.less", "Less", 0, 17, 0, 0, 0, 0, 0, 3, 20
"d:\工作\软工实验\sep\SE-Project-Front\src\pages\editor\koni\components\EditorMinimap\index.jsx", "JavaScript React", 8, 0, 0, 0, 0, 0, 0, 3, 11
"d:\工作\软工实验\sep\SE-Project-Front\src\pages\editor\koni\components\EditorToolbar\FlowToolbar.jsx", "JavaScript React", 27, 0, 0, 0, 0, 0, 0, 3, 30
"d:\工作\软工实验\sep\SE-Project-Front\src\pages\editor\koni\components\EditorToolbar\KoniToolbar.jsx", "JavaScript React", 2, 0, 0, 0, 0, 0, 0, 1, 3
"d:\工作\软工实验\sep\SE-Project-Front\src\pages\editor\koni\components\EditorToolbar\MindToolbar.jsx", "JavaScript React", 22, 0, 0, 0, 0, 0, 0, 3, 25
"d:\工作\软工实验\sep\SE-Project-Front\src\pages\editor\koni\components\EditorToolbar\ToolbarButton.jsx", "JavaScript React", 21, 0, 0, 0, 0, 0, 0, 4, 25
"d:\工作\软工实验\sep\SE-Project-Front\src\pages\editor\koni\components\EditorToolbar\index.jsx", "JavaScript React", 4, 0, 0, 0, 0, 0, 0, 1, 5
"d:\工作\软工实验\sep\SE-Project-Front\src\pages\editor\koni\components\EditorToolbar\index.less", "Less", 0, 34, 0, 0, 0, 0, 0, 6, 40
"d:\工作\软工实验\sep\SE-Project-Front\src\pages\editor\koni\index.jsx", "JavaScript React", 34, 0, 0, 0, 0, 0, 0, 1, 35
"d:\工作\软工实验\sep\SE-Project-Front\src\pages\editor\koni\index.less", "Less", 0, 48, 0, 0, 0, 0, 0, 9, 57
"d:\工作\软工实验\sep\SE-Project-Front\src\pages\editor\mind\common\IconFont\index.js", "JavaScript", 0, 0, 5, 0, 0, 0, 0, 1, 6
"d:\工作\软工实验\sep\SE-Project-Front\src\pages\editor\mind\components\EditorContextMenu\FlowContextMenu.jsx", "JavaScript React", 31, 0, 0, 0, 0, 0, 0, 3, 34
"d:\工作\软工实验\sep\SE-Project-Front\src\pages\editor\mind\components\EditorContextMenu\KoniContextMenu.jsx", "JavaScript React", 2, 0, 0, 0, 0, 0, 0, 1, 3
"d:\工作\软工实验\sep\SE-Project-Front\src\pages\editor\mind\components\EditorContextMenu\MenuItem.jsx", "JavaScript React", 17, 0, 0, 0, 0, 0, 0, 4, 21
"d:\工作\软工实验\sep\SE-Project-Front\src\pages\editor\mind\components\EditorContextMenu\MindContextMenu.jsx", "JavaScript React", 19, 0, 0, 0, 0, 0, 0, 3, 22
"d:\工作\软工实验\sep\SE-Project-Front\src\pages\editor\mind\components\EditorContextMenu\index.jsx", "JavaScript React", 4, 0, 0, 0, 0, 0, 0, 1, 5
"d:\工作\软工实验\sep\SE-Project-Front\src\pages\editor\mind\components\EditorContextMenu\index.less", "Less", 0, 35, 0, 0, 0, 0, 0, 6, 41
"d:\工作\软工实验\sep\SE-Project-Front\src\pages\editor\mind\components\EditorDetailPanel\DetailForm.jsx", "JavaScript React", 113, 0, 0, 0, 0, 0, 0, 11, 124
"d:\工作\软工实验\sep\SE-Project-Front\src\pages\editor\mind\components\EditorDetailPanel\FlowDetailPanel.jsx", "JavaScript React", 24, 0, 0, 0, 0, 0, 0, 3, 27
"d:\工作\软工实验\sep\SE-Project-Front\src\pages\editor\mind\components\EditorDetailPanel\KoniDetailPanel.jsx", "JavaScript React", 2, 0, 0, 0, 0, 0, 0, 1, 3
"d:\工作\软工实验\sep\SE-Project-Front\src\pages\editor\mind\components\EditorDetailPanel\MindDetailPanel.jsx", "JavaScript React", 15, 0, 0, 0, 0, 0, 0, 3, 18
"d:\工作\软工实验\sep\SE-Project-Front\src\pages\editor\mind\components\EditorDetailPanel\index.jsx", "JavaScript React", 4, 0, 0, 0, 0, 0, 0, 1, 5
"d:\工作\软工实验\sep\SE-Project-Front\src\pages\editor\mind\components\EditorDetailPanel\index.less", "Less", 0, 5, 0, 0, 0, 0, 0, 2, 7
"d:\工作\软工实验\sep\SE-Project-Front\src\pages\editor\mind\components\EditorItemPanel\FlowItemPanel.jsx", "JavaScript React", 50, 0, 0, 0, 0, 0, 0, 3, 53
"d:\工作\软工实验\sep\SE-Project-Front\src\pages\editor\mind\components\EditorItemPanel\KoniItemPanel.jsx", "JavaScript React", 46, 0, 0, 0, 0, 0, 0, 3, 49
"d:\工作\软工实验\sep\SE-Project-Front\src\pages\editor\mind\components\EditorItemPanel\index.jsx", "JavaScript React", 3, 0, 0, 0, 0, 0, 0, 1, 4
"d:\工作\软工实验\sep\SE-Project-Front\src\pages\editor\mind\components\EditorItemPanel\index.less", "Less", 0, 17, 0, 0, 0, 0, 0, 3, 20
"d:\工作\软工实验\sep\SE-Project-Front\src\pages\editor\mind\components\EditorMinimap\index.jsx", "JavaScript React", 8, 0, 0, 0, 0, 0, 0, 3, 11
"d:\工作\软工实验\sep\SE-Project-Front\src\pages\editor\mind\components\EditorToolbar\FlowToolbar.jsx", "JavaScript React", 27, 0, 0, 0, 0, 0, 0, 3, 30
"d:\工作\软工实验\sep\SE-Project-Front\src\pages\editor\mind\components\EditorToolbar\KoniToolbar.jsx", "JavaScript React", 2, 0, 0, 0, 0, 0, 0, 1, 3
"d:\工作\软工实验\sep\SE-Project-Front\src\pages\editor\mind\components\EditorToolbar\MindToolbar.jsx", "JavaScript React", 22, 0, 0, 0, 0, 0, 0, 3, 25
"d:\工作\软工实验\sep\SE-Project-Front\src\pages\editor\mind\components\EditorToolbar\ToolbarButton.jsx", "JavaScript React", 21, 0, 0, 0, 0, 0, 0, 4, 25
"d:\工作\软工实验\sep\SE-Project-Front\src\pages\editor\mind\components\EditorToolbar\index.jsx", "JavaScript React", 4, 0, 0, 0, 0, 0, 0, 1, 5
"d:\工作\软工实验\sep\SE-Project-Front\src\pages\editor\mind\components\EditorToolbar\index.less", "Less", 0, 34, 0, 0, 0, 0, 0, 7, 41
"d:\工作\软工实验\sep\SE-Project-Front\src\pages\editor\mind\index.jsx", "JavaScript React", 31, 0, 0, 0, 0, 0, 0, 1, 32
"d:\工作\软工实验\sep\SE-Project-Front\src\pages\editor\mind\index.less", "Less", 0, 48, 0, 0, 0, 0, 0, 9, 57
"d:\工作\软工实验\sep\SE-Project-Front\src\pages\editor\mind\worldCup2018.json", "JSON", 0, 0, 0, 0, 129, 0, 0, 1, 130
"d:\工作\软工实验\sep\SE-Project-Front\src\pages\exception\403\index.jsx", "JavaScript React", 17, 0, 0, 0, 0, 0, 0, 1, 18
"d:\工作\软工实验\sep\SE-Project-Front\src\pages\exception\404\index.jsx", "JavaScript React", 17, 0, 0, 0, 0, 0, 0, 1, 18
"d:\工作\软工实验\sep\SE-Project-Front\src\pages\exception\500\index.jsx", "JavaScript React", 17, 0, 0, 0, 0, 0, 0, 1, 18
"d:\工作\软工实验\sep\SE-Project-Front\src\pages\form\advanced-form\_mock.js", "JavaScript", 0, 0, 9, 0, 0, 0, 1, 1, 11
"d:\工作\软工实验\sep\SE-Project-Front\src\pages\form\advanced-form\components\TableForm.jsx", "JavaScript React", 222, 0, 0, 0, 0, 0, 1, 29, 252
"d:\工作\软工实验\sep\SE-Project-Front\src\pages\form\advanced-form\index.jsx", "JavaScript React", 519, 0, 0, 0, 0, 0, 1, 14, 534
"d:\工作\软工实验\sep\SE-Project-Front\src\pages\form\advanced-form\service.js", "JavaScript", 0, 0, 7, 0, 0, 0, 0, 1, 8
"d:\工作\软工实验\sep\SE-Project-Front\src\pages\form\advanced-form\style.less", "Less", 0, 58, 0, 0, 0, 0, 0, 8, 66
"d:\工作\软工实验\sep\SE-Project-Front\src\pages\form\basic-form\_mock.js", "JavaScript", 0, 0, 9, 0, 0, 0, 1, 1, 11
"d:\工作\软工实验\sep\SE-Project-Front\src\pages\form\basic-form\index.jsx", "JavaScript React", 184, 0, 0, 0, 0, 0, 0, 10, 194
"d:\工作\软工实验\sep\SE-Project-Front\src\pages\form\basic-form\service.js", "JavaScript", 0, 0, 7, 0, 0, 0, 0, 1, 8
"d:\工作\软工实验\sep\SE-Project-Front\src\pages\form\basic-form\style.less", "Less", 0, 5, 0, 0, 0, 0, 0, 2, 7
"d:\工作\软工实验\sep\SE-Project-Front\src\pages\form\step-form\_mock.js", "JavaScript", 0, 0, 9, 0, 0, 0, 1, 1, 11
"d:\工作\软工实验\sep\SE-Project-Front\src\pages\form\step-form\index.jsx", "JavaScript React", 221, 0, 0, 0, 0, 0, 0, 8, 229
"d:\工作\软工实验\sep\SE-Project-Front\src\pages\form\step-form\service.js", "JavaScript", 0, 0, 7, 0, 0, 0, 0, 1, 8
"d:\工作\软工实验\sep\SE-Project-Front\src\pages\form\step-form\style.less", "Less", 0, 9, 0, 0, 0, 0, 0, 3, 12
"d:\工作\软工实验\sep\SE-Project-Front\src\pages\index.js", "JavaScript", 0, 0, 28, 0, 0, 0, 0, 2, 30
"d:\工作\软工实验\sep\SE-Project-Front\src\pages\list\basic-list\_mock.js", "JavaScript", 0, 0, 140, 0, 0, 0, 2, 15, 157
"d:\工作\软工实验\sep\SE-Project-Front\src\pages\list\basic-list\components\OperationModal.jsx", "JavaScript React", 117, 0, 0, 0, 0, 0, 0, 5, 122
"d:\工作\软工实验\sep\SE-Project-Front\src\pages\list\basic-list\index.jsx", "JavaScript React", 232, 0, 0, 0, 0, 0, 0, 15, 247
"d:\工作\软工实验\sep\SE-Project-Front\src\pages\list\basic-list\service.js", "JavaScript", 0, 0, 24, 0, 0, 0, 0, 1, 25
"d:\工作\软工实验\sep\SE-Project-Front\src\pages\list\basic-list\style.less", "Less", 0, 186, 0, 0, 0, 0, 0, 10, 196
"d:\工作\软工实验\sep\SE-Project-Front\src\pages\list\basic-list\utils\utils.less", "Less", 0, 46, 0, 0, 0, 0, 2, 3, 51
"d:\工作\软工实验\sep\SE-Project-Front\src\pages\list\card-list\_mock.js", "JavaScript", 0, 0, 104, 0, 0, 0, 1, 6, 111
"d:\工作\软工实验\sep\SE-Project-Front\src\pages\list\card-list\index.jsx", "JavaScript React", 102, 0, 0, 0, 0, 0, 0, 4, 106
"d:\工作\软工实验\sep\SE-Project-Front\src\pages\list\card-list\service.js", "JavaScript", 0, 0, 6, 0, 0, 0, 0, 1, 7
"d:\工作\软工实验\sep\SE-Project-Front\src\pages\list\card-list\style.less", "Less", 0, 97, 0, 0, 0, 0, 0, 11, 108
"d:\工作\软工实验\sep\SE-Project-Front\src\pages\list\card-list\utils\utils.less", "Less", 0, 46, 0, 0, 0, 0, 2, 3, 51
"d:\工作\软工实验\sep\SE-Project-Front\src\pages\list\search\applications\_mock.js", "JavaScript", 0, 0, 104, 0, 0, 0, 1, 6, 111
"d:\工作\软工实验\sep\SE-Project-Front\src\pages\list\search\applications\components\StandardFormRow\index.jsx", "JavaScript React", 21, 0, 0, 0, 0, 0, 0, 3, 24
"d:\工作\软工实验\sep\SE-Project-Front\src\pages\list\search\applications\components\StandardFormRow\index.less", "Less", 0, 82, 0, 0, 0, 0, 0, 6, 88
"d:\工作\软工实验\sep\SE-Project-Front\src\pages\list\search\applications\components\TagSelect\index.jsx", "JavaScript React", 98, 0, 0, 0, 0, 0, 0, 15, 113
"d:\工作\软工实验\sep\SE-Project-Front\src\pages\list\search\applications\components\TagSelect\index.less", "Less", 0, 32, 0, 0, 0, 0, 0, 3, 35
"d:\工作\软工实验\sep\SE-Project-Front\src\pages\list\search\applications\index.jsx", "JavaScript React", 204, 0, 0, 0, 0, 0, 0, 5, 209
"d:\工作\软工实验\sep\SE-Project-Front\src\pages\list\search\applications\service.js", "JavaScript", 0, 0, 6, 0, 0, 0, 0, 1, 7
"d:\工作\软工实验\sep\SE-Project-Front\src\pages\list\search\applications\style.less", "Less", 0, 47, 0, 0, 0, 0, 1, 3, 51
"d:\工作\软工实验\sep\SE-Project-Front\src\pages\list\search\applications\utils\utils.less", "Less", 0, 46, 0, 0, 0, 0, 2, 3, 51
"d:\工作\软工实验\sep\SE-Project-Front\src\pages\list\search\articles\_mock.js", "JavaScript", 0, 0, 104, 0, 0, 0, 1, 6, 111
"d:\工作\软工实验\sep\SE-Project-Front\src\pages\list\search\articles\components\ArticleListContent\index.jsx", "JavaScript React", 15, 0, 0, 0, 0, 0, 0, 3, 18
"d:\工作\软工实验\sep\SE-Project-Front\src\pages\list\search\articles\components\ArticleListContent\index.less", "Less", 0, 36, 0, 0, 0, 0, 0, 3, 39
"d:\工作\软工实验\sep\SE-Project-Front\src\pages\list\search\articles\components\StandardFormRow\index.jsx", "JavaScript React", 21, 0, 0, 0, 0, 0, 0, 3, 24
"d:\工作\软工实验\sep\SE-Project-Front\src\pages\list\search\articles\components\StandardFormRow\index.less", "Less", 0, 84, 0, 0, 0, 0, 0, 5, 89
"d:\工作\软工实验\sep\SE-Project-Front\src\pages\list\search\articles\components\TagSelect\index.jsx", "JavaScript React", 98, 0, 0, 0, 0, 0, 0, 15, 113
"d:\工作\软工实验\sep\SE-Project-Front\src\pages\list\search\articles\components\TagSelect\index.less", "Less", 0, 32, 0, 0, 0, 0, 0, 2, 34
"d:\工作\软工实验\sep\SE-Project-Front\src\pages\list\search\articles\index.jsx", "JavaScript React", 264, 0, 0, 0, 0, 0, 0, 10, 274
"d:\工作\软工实验\sep\SE-Project-Front\src\pages\list\search\articles\service.js", "JavaScript", 0, 0, 6, 0, 0, 0, 0, 1, 7
"d:\工作\软工实验\sep\SE-Project-Front\src\pages\list\search\articles\style.less", "Less", 0, 29, 0, 0, 0, 0, 0, 3, 32
"d:\工作\软工实验\sep\SE-Project-Front\src\pages\list\search\index.jsx", "JavaScript React", 76, 0, 0, 0, 0, 0, 1, 12, 89
"d:\工作\软工实验\sep\SE-Project-Front\src\pages\list\search\projects\_mock.js", "JavaScript", 0, 0, 104, 0, 0, 0, 0, 6, 110
"d:\工作\软工实验\sep\SE-Project-Front\src\pages\list\search\projects\components\AvatarList\index.jsx", "JavaScript React", 55, 0, 0, 0, 0, 0, 0, 7, 62
"d:\工作\软工实验\sep\SE-Project-Front\src\pages\list\search\projects\components\AvatarList\index.less", "Less", 0, 44, 0, 0, 0, 0, 0, 7, 51
"d:\工作\软工实验\sep\SE-Project-Front\src\pages\list\search\projects\components\StandardFormRow\index.jsx", "JavaScript React", 21, 0, 0, 0, 0, 0, 0, 3, 24
"d:\工作\软工实验\sep\SE-Project-Front\src\pages\list\search\projects\components\StandardFormRow\index.less", "Less", 0, 84, 0, 0, 0, 0, 0, 5, 89
"d:\工作\软工实验\sep\SE-Project-Front\src\pages\list\search\projects\components\TagSelect\index.jsx", "JavaScript React", 98, 0, 0, 0, 0, 0, 0, 15, 113
"d:\工作\软工实验\sep\SE-Project-Front\src\pages\list\search\projects\components\TagSelect\index.less", "Less", 0, 32, 0, 0, 0, 0, 0, 2, 34
"d:\工作\软工实验\sep\SE-Project-Front\src\pages\list\search\projects\index.jsx", "JavaScript React", 150, 0, 0, 0, 0, 0, 2, 4, 156
"d:\工作\软工实验\sep\SE-Project-Front\src\pages\list\search\projects\service.js", "JavaScript", 0, 0, 6, 0, 0, 0, 0, 1, 7
"d:\工作\软工实验\sep\SE-Project-Front\src\pages\list\search\projects\style.less", "Less", 0, 51, 0, 0, 0, 0, 0, 5, 56
"d:\工作\软工实验\sep\SE-Project-Front\src\pages\list\search\projects\utils\utils.less", "Less", 0, 46, 0, 0, 0, 0, 2, 3, 51
"d:\工作\软工实验\sep\SE-Project-Front\src\pages\list\table-list\_mock.js", "JavaScript", 0, 0, 153, 0, 0, 0, 3, 31, 187
"d:\工作\软工实验\sep\SE-Project-Front\src\pages\list\table-list\components\CreateForm.jsx", "JavaScript React", 17, 0, 0, 0, 0, 0, 0, 3, 20
"d:\工作\软工实验\sep\SE-Project-Front\src\pages\list\table-list\components\UpdateForm.jsx", "JavaScript React", 141, 0, 0, 0, 0, 0, 0, 3, 144
"d:\工作\软工实验\sep\SE-Project-Front\src\pages\list\table-list\index.jsx", "JavaScript React", 278, 0, 0, 0, 0, 0, 18, 19, 315
"d:\工作\软工实验\sep\SE-Project-Front\src\pages\list\table-list\service.js", "JavaScript", 0, 0, 29, 0, 0, 0, 6, 6, 41
"d:\工作\软工实验\sep\SE-Project-Front\src\pages\profile\advanced\_mock.js", "JavaScript", 0, 0, 75, 0, 0, 0, 0, 3, 78
"d:\工作\软工实验\sep\SE-Project-Front\src\pages\profile\advanced\index.jsx", "JavaScript React", 423, 0, 0, 0, 0, 0, 0, 11, 434
"d:\工作\软工实验\sep\SE-Project-Front\src\pages\profile\advanced\service.js", "JavaScript", 0, 0, 4, 0, 0, 0, 0, 1, 5
"d:\工作\软工实验\sep\SE-Project-Front\src\pages\profile\advanced\style.less", "Less", 0, 54, 0, 0, 0, 0, 0, 7, 61
"d:\工作\软工实验\sep\SE-Project-Front\src\pages\profile\basic\_mock.js", "JavaScript", 0, 0, 87, 0, 0, 0, 0, 3, 90
"d:\工作\软工实验\sep\SE-Project-Front\src\pages\profile\basic\index.jsx", "JavaScript React", 225, 0, 0, 0, 0, 0, 0, 12, 237
"d:\工作\软工实验\sep\SE-Project-Front\src\pages\profile\basic\service.js", "JavaScript", 0, 0, 4, 0, 0, 0, 0, 1, 5
"d:\工作\软工实验\sep\SE-Project-Front\src\pages\profile\basic\style.less", "Less", 0, 7, 0, 0, 0, 0, 0, 2, 9
"d:\工作\软工实验\sep\SE-Project-Front\src\pages\result\fail\index.jsx", "JavaScript React", 72, 0, 0, 0, 0, 0, 0, 1, 73
"d:\工作\软工实验\sep\SE-Project-Front\src\pages\result\fail\index.less", "Less", 0, 10, 0, 0, 0, 0, 0, 2, 12
"d:\工作\软工实验\sep\SE-Project-Front\src\pages\result\success\index.jsx", "JavaScript React", 131, 0, 0, 0, 0, 0, 0, 1, 132
"d:\工作\软工实验\sep\SE-Project-Front\src\pages\result\success\index.less", "Less", 0, 13, 0, 0, 0, 0, 0, 3, 16
"d:\工作\软工实验\sep\SE-Project-Front\src\pages\testingTable\JS006.js", "JavaScript", 0, 0, 404, 0, 0, 0, 9, 17, 430
"d:\工作\软工实验\sep\SE-Project-Front\src\pages\testingTable\components\dateTranslate.js", "JavaScript", 0, 0, 0, 0, 0, 0, 0, 1, 1
"d:\工作\软工实验\sep\SE-Project-Front\src\pages\user\Login\index.jsx", "JavaScript React", 270, 0, 0, 0, 0, 0, 2, 17, 289
"d:\工作\软工实验\sep\SE-Project-Front\src\pages\user\Login\index.less", "Less", 0, 43, 0, 0, 0, 0, 0, 8, 51
"d:\工作\软工实验\sep\SE-Project-Front\src\pages\user\register-result\index.jsx", "JavaScript React", 33, 0, 0, 0, 0, 0, 0, 3, 36
"d:\工作\软工实验\sep\SE-Project-Front\src\pages\user\register-result\style.less", "Less", 0, 23, 0, 0, 0, 0, 0, 1, 24
"d:\工作\软工实验\sep\SE-Project-Front\src\pages\user\register\_mock.js", "JavaScript", 0, 0, 10, 0, 0, 0, 1, 0, 11
"d:\工作\软工实验\sep\SE-Project-Front\src\pages\user\register\index.jsx", "JavaScript React", 281, 0, 0, 0, 0, 0, 0, 25, 306
"d:\工作\软工实验\sep\SE-Project-Front\src\pages\user\register\service.js", "JavaScript", 0, 0, 7, 0, 0, 0, 0, 0, 7
"d:\工作\软工实验\sep\SE-Project-Front\src\pages\user\register\style.less", "Less", 0, 49, 0, 0, 0, 0, 0, 12, 61
"Total", "-", 11777, 2864, 8638, 171, 2051, 220, 1290, 1685, 28696