"filename", "language", "Markdown", "JSON", "Python", "HTML", "JavaScript", "CSS", "JavaScript React", "Less", "XML", "JSON with Comments", "comment", "blank", "total"
"d:\工作\软工实验\sep\SE-Project-Front\.idea\SE-Project-Front.iml", "XML", 0, 0, 0, 0, 0, 0, 0, 0, 9, 0, 0, 0, 9
"d:\工作\软工实验\sep\SE-Project-Front\.idea\misc.xml", "XML", 0, 0, 0, 0, 0, 0, 0, 0, 9, 0, 0, 0, 9
"d:\工作\软工实验\sep\SE-Project-Front\.idea\modules.xml", "XML", 0, 0, 0, 0, 0, 0, 0, 0, 8, 0, 0, 0, 8
"d:\工作\软工实验\sep\SE-Project-Front\.idea\runConfigurations.xml", "XML", 0, 0, 0, 0, 0, 0, 0, 0, 10, 0, 0, 0, 10
"d:\工作\软工实验\sep\SE-Project-Front\.idea\vcs.xml", "XML", 0, 0, 0, 0, 0, 0, 0, 0, 6, 0, 0, 0, 6
"d:\工作\软工实验\sep\SE-Project-Front\README.md", "Markdown", 60, 0, 0, 0, 0, 0, 0, 0, 0, 0, 0, 41, 101
"d:\工作\软工实验\sep\SE-Project-Front\config\config.dev.js", "JavaScript", 0, 0, 0, 0, 11, 0, 0, 0, 0, 0, 3, 1, 15
"d:\工作\软工实验\sep\SE-Project-Front\config\config.js", "JavaScript", 0, 0, 0, 0, 561, 0, 0, 0, 0, 0, 41, 4, 606
"d:\工作\软工实验\sep\SE-Project-Front\config\defaultSettings.js", "JavaScript", 0, 0, 0, 0, 14, 0, 0, 0, 0, 0, 1, 1, 16
"d:\工作\软工实验\sep\SE-Project-Front\config\oneapi.json", "JSON", 0, 593, 0, 0, 0, 0, 0, 0, 0, 0, 0, 1, 594
"d:\工作\软工实验\sep\SE-Project-Front\config\proxy.js", "JavaScript", 0, 0, 0, 0, 29, 0, 0, 0, 0, 0, 8, 1, 38
"d:\工作\软工实验\sep\SE-Project-Front\config\routes.js", "JavaScript", 0, 0, 0, 0, 58, 0, 0, 0, 0, 0, 2, 1, 61
"d:\工作\软工实验\sep\SE-Project-Front\docs\index.md", "Markdown", 224, 0, 0, 0, 0, 0, 0, 0, 0, 0, 0, 136, 360
"d:\工作\软工实验\sep\SE-Project-Front\jest.config.js", "JavaScript", 0, 0, 0, 0, 10, 0, 0, 0, 0, 0, 0, 1, 11
"d:\工作\软工实验\sep\SE-Project-Front\jsconfig.json", "JSON with Comments", 0, 0, 0, 0, 0, 0, 0, 0, 0, 7, 4, 0, 11
"d:\工作\软工实验\sep\SE-Project-Front\json-server\db-1649507953619.json", "JSON", 0, 20, 0, 0, 0, 0, 0, 0, 0, 0, 0, 0, 20
"d:\工作\软工实验\sep\SE-Project-Front\json-server\db-1649594162262.json", "JSON", 0, 20, 0, 0, 0, 0, 0, 0, 0, 0, 0, 0, 20
"d:\工作\软工实验\sep\SE-Project-Front\json-server\db-1649594178239.json", "JSON", 0, 20, 0, 0, 0, 0, 0, 0, 0, 0, 0, 0, 20
"d:\工作\软工实验\sep\SE-Project-Front\json-server\db.json", "JSON", 0, 164, 0, 0, 0, 0, 0, 0, 0, 0, 35, 0, 199
"d:\工作\软工实验\sep\SE-Project-Front\json-server\package-lock.json", "JSON", 0, 3538, 0, 0, 0, 0, 0, 0, 0, 0, 0, 1, 3539
"d:\工作\软工实验\sep\SE-Project-Front\json-server\package.json", "JSON", 0, 5, 0, 0, 0, 0, 0, 0, 0, 0, 0, 1, 6
"d:\工作\软工实验\sep\SE-Project-Front\json-server\people.json", "JSON", 0, 20, 0, 0, 0, 0, 0, 0, 0, 0, 0, 0, 20
"d:\工作\软工实验\sep\SE-Project-Front\json-server\readme.md", "Markdown", 12, 0, 0, 0, 0, 0, 0, 0, 0, 0, 0, 1, 13
"d:\工作\软工实验\sep\SE-Project-Front\json-server\result.json", "JSON", 0, 20, 0, 0, 0, 0, 0, 0, 0, 0, 0, 0, 20
"d:\工作\软工实验\sep\SE-Project-Front\json-server\router.json", "JSON", 0, 3, 0, 0, 0, 0, 0, 0, 0, 0, 0, 0, 3
"d:\工作\软工实验\sep\SE-Project-Front\json-server\server.js", "JavaScript", 0, 0, 0, 0, 18, 0, 0, 0, 0, 0, 90, 3, 111
"d:\工作\软工实验\sep\SE-Project-Front\mock\listTableList.js", "JavaScript", 0, 0, 0, 0, 148, 0, 0, 0, 0, 0, 2, 29, 179
"d:\工作\软工实验\sep\SE-Project-Front\mock\notices.js", "JavaScript", 0, 0, 0, 0, 104, 0, 0, 0, 0, 0, 0, 2, 106
"d:\工作\软工实验\sep\SE-Project-Front\mock\route.js", "JavaScript", 0, 0, 0, 0, 7, 0, 0, 0, 0, 0, 0, 1, 8
"d:\工作\软工实验\sep\SE-Project-Front\mock\user.js", "JavaScript", 0, 0, 0, 0, 143, 0, 0, 0, 0, 0, 68, 13, 224
"d:\工作\软工实验\sep\SE-Project-Front\package-lock.json", "JSON", 0, 31601, 0, 0, 0, 0, 0, 0, 0, 0, 0, 1, 31602
"d:\工作\软工实验\sep\SE-Project-Front\package.json", "JSON", 0, 124, 0, 0, 0, 0, 0, 0, 0, 0, 25, 0, 149
"d:\工作\软工实验\sep\SE-Project-Front\people.json", "JSON", 0, 19, 0, 0, 0, 0, 0, 0, 0, 0, 0, 0, 19
"d:\工作\软工实验\sep\SE-Project-Front\public\logo.svg", "XML", 0, 0, 0, 0, 0, 0, 0, 0, 1, 0, 0, 0, 1
"d:\工作\软工实验\sep\SE-Project-Front\public\pro_icon.svg", "XML", 0, 0, 0, 0, 0, 0, 0, 0, 5, 0, 0, 0, 5
"d:\工作\软工实验\sep\SE-Project-Front\reports\TestRepo.html", "HTML", 0, 0, 0, 1677, 0, 0, 0, 0, 0, 0, 2, 402, 2081
"d:\工作\软工实验\sep\SE-Project-Front\reports\history.json", "JSON", 0, 1, 0, 0, 0, 0, 0, 0, 0, 0, 0, 0, 1
"d:\工作\软工实验\sep\SE-Project-Front\seletest\CustomerContractFill.py", "Python", 0, 0, 52, 0, 0, 0, 0, 0, 0, 0, 0, 3, 55
"d:\工作\软工实验\sep\SE-Project-Front\seletest\CustomerEntrustFill.py", "Python", 0, 0, 53, 0, 0, 0, 0, 0, 0, 0, 0, 2, 55
"d:\工作\软工实验\sep\SE-Project-Front\seletest\CustomerQuotationAccept.py", "Python", 0, 0, 34, 0, 0, 0, 0, 0, 0, 0, 0, 2, 36
"d:\工作\软工实验\sep\SE-Project-Front\seletest\assign.py", "Python", 0, 0, 19, 0, 0, 0, 0, 0, 0, 0, 0, 0, 19
"d:\工作\软工实验\sep\SE-Project-Front\seletest\entvertest.py", "Python", 0, 0, 24, 0, 0, 0, 0, 0, 0, 0, 1, 1, 26
"d:\工作\软工实验\sep\SE-Project-Front\seletest\fill.py", "Python", 0, 0, 42, 0, 0, 0, 0, 0, 0, 0, 41, 2, 85
"d:\工作\软工实验\sep\SE-Project-Front\seletest\mktContractFill.py", "Python", 0, 0, 52, 0, 0, 0, 0, 0, 0, 0, 0, 3, 55
"d:\工作\软工实验\sep\SE-Project-Front\seletest\mktContractVerify.py", "Python", 0, 0, 32, 0, 0, 0, 0, 0, 0, 0, 2, 2, 36
"d:\工作\软工实验\sep\SE-Project-Front\seletest\mktEntrustVerify.py", "Python", 0, 0, 49, 0, 0, 0, 0, 0, 0, 0, 1, 2, 52
"d:\工作\软工实验\sep\SE-Project-Front\seletest\mktQuotationFill.py", "Python", 0, 0, 56, 0, 0, 0, 0, 0, 0, 0, 0, 3, 59
"d:\工作\软工实验\sep\SE-Project-Front\seletest\mktUpload.py", "Python", 0, 0, 31, 0, 0, 0, 0, 0, 0, 0, 1, 2, 34
"d:\工作\软工实验\sep\SE-Project-Front\seletest\qasTestAssign.py", "Python", 0, 0, 33, 0, 0, 0, 0, 0, 0, 0, 1, 2, 36
"d:\工作\软工实验\sep\SE-Project-Front\seletest\test.py", "Python", 0, 0, 124, 0, 0, 0, 0, 0, 0, 0, 16, 6, 146
"d:\工作\软工实验\sep\SE-Project-Front\seletest\testEntrustVerify.py", "Python", 0, 0, 37, 0, 0, 0, 0, 0, 0, 0, 1, 2, 40
"d:\工作\软工实验\sep\SE-Project-Front\seletest\test_test.py", "Python", 0, 0, 898, 0, 0, 0, 0, 0, 0, 0, 31, 48, 977
"d:\工作\软工实验\sep\SE-Project-Front\seletest\testsEntrustAssign.py", "Python", 0, 0, 35, 0, 0, 0, 0, 0, 0, 0, 1, 2, 38
"d:\工作\软工实验\sep\SE-Project-Front\src\access.js", "JavaScript", 0, 0, 0, 0, 6, 0, 0, 0, 0, 0, 3, 1, 10
"d:\工作\软工实验\sep\SE-Project-Front\src\app.jsx", "JavaScript React", 0, 0, 0, 0, 0, 0, 59, 0, 0, 0, 17, 8, 84
"d:\工作\软工实验\sep\SE-Project-Front\src\components\ApplicationForm\index.css", "CSS", 0, 0, 0, 0, 0, 62, 0, 0, 0, 0, 3, 13, 78
"d:\工作\软工实验\sep\SE-Project-Front\src\components\ApplicationForm\index.js", "JavaScript", 0, 0, 0, 0, 371, 0, 0, 0, 0, 0, 10, 33, 414
"d:\工作\软工实验\sep\SE-Project-Front\src\components\Footer\index.jsx", "JavaScript React", 0, 0, 0, 0, 0, 0, 36, 0, 0, 0, 0, 1, 37
"d:\工作\软工实验\sep\SE-Project-Front\src\components\HeaderDropdown\index.jsx", "JavaScript React", 0, 0, 0, 0, 0, 0, 8, 0, 0, 0, 0, 3, 11
"d:\工作\软工实验\sep\SE-Project-Front\src\components\HeaderDropdown\index.less", "Less", 0, 0, 0, 0, 0, 0, 0, 14, 0, 0, 0, 3, 17
"d:\工作\软工实验\sep\SE-Project-Front\src\components\HeaderSearch\index.jsx", "JavaScript React", 0, 0, 0, 0, 0, 0, 80, 0, 0, 0, 0, 4, 84
"d:\工作\软工实验\sep\SE-Project-Front\src\components\HeaderSearch\index.less", "Less", 0, 0, 0, 0, 0, 0, 0, 23, 0, 0, 0, 3, 26
"d:\工作\软工实验\sep\SE-Project-Front\src\components\JSONSchemaForm\Fields\ArrayField\index.js", "JavaScript", 0, 0, 0, 0, 31, 0, 0, 0, 0, 0, 10, 1, 42
"d:\工作\软工实验\sep\SE-Project-Front\src\components\JSONSchemaForm\Fields\ObjectField\index.js", "JavaScript", 0, 0, 0, 0, 37, 0, 0, 0, 0, 0, 9, 2, 48
"d:\工作\软工实验\sep\SE-Project-Front\src\components\JSONSchemaForm\Fields\SchemaField\index.js", "JavaScript", 0, 0, 0, 0, 39, 0, 0, 0, 0, 0, 8, 2, 49
"d:\工作\软工实验\sep\SE-Project-Front\src\components\JSONSchemaForm\Fields\StringField\index.js", "JavaScript", 0, 0, 0, 0, 29, 0, 0, 0, 0, 0, 10, 2, 41
"d:\工作\软工实验\sep\SE-Project-Front\src\components\JSONSchemaForm\Fields\index.js", "JavaScript", 0, 0, 0, 0, 5, 0, 0, 0, 0, 0, 0, 1, 6
"d:\工作\软工实验\sep\SE-Project-Front\src\components\JSONSchemaForm\Widgets\ArrayTable\index.css", "CSS", 0, 0, 0, 0, 0, 41, 0, 0, 0, 0, 0, 2, 43
"d:\工作\软工实验\sep\SE-Project-Front\src\components\JSONSchemaForm\Widgets\ArrayTable\index.js", "JavaScript", 0, 0, 0, 0, 141, 0, 0, 0, 0, 0, 36, 2, 179
"d:\工作\软工实验\sep\SE-Project-Front\src\components\JSONSchemaForm\Widgets\CheckboxWidget\index.js", "JavaScript", 0, 0, 0, 0, 45, 0, 0, 0, 0, 0, 5, 1, 51
"d:\工作\软工实验\sep\SE-Project-Front\src\components\JSONSchemaForm\Widgets\RadioWidget\index.js", "JavaScript", 0, 0, 0, 0, 38, 0, 0, 0, 0, 0, 6, 1, 45
"d:\工作\软工实验\sep\SE-Project-Front\src\components\JSONSchemaForm\Widgets\StringInputWidget\index.css", "CSS", 0, 0, 0, 0, 0, 11, 0, 0, 0, 0, 0, 3, 14
"d:\工作\软工实验\sep\SE-Project-Front\src\components\JSONSchemaForm\Widgets\StringInputWidget\index.js", "JavaScript", 0, 0, 0, 0, 20, 0, 0, 0, 0, 0, 9, 1, 30
"d:\工作\软工实验\sep\SE-Project-Front\src\components\JSONSchemaForm\Widgets\TextareaWidget\index.css", "CSS", 0, 0, 0, 0, 0, 3, 0, 0, 0, 0, 0, 0, 3
"d:\工作\软工实验\sep\SE-Project-Front\src\components\JSONSchemaForm\Widgets\TextareaWidget\index.js", "JavaScript", 0, 0, 0, 0, 24, 0, 0, 0, 0, 0, 8, 1, 33
"d:\工作\软工实验\sep\SE-Project-Front\src\components\JSONSchemaForm\Widgets\index.js", "JavaScript", 0, 0, 0, 0, 12, 0, 0, 0, 0, 0, 0, 1, 13
"d:\工作\软工实验\sep\SE-Project-Front\src\components\JSONSchemaForm\index.css", "CSS", 0, 0, 0, 0, 0, 20, 0, 0, 0, 0, 0, 2, 22
"d:\工作\软工实验\sep\SE-Project-Front\src\components\JSONSchemaForm\index.js", "JavaScript", 0, 0, 0, 0, 47, 0, 0, 0, 0, 0, 1, 6, 54
"d:\工作\软工实验\sep\SE-Project-Front\src\components\JSONSchemaForm\utils\index.js", "JavaScript", 0, 0, 0, 0, 60, 0, 0, 0, 0, 0, 0, 4, 64
"d:\工作\软工实验\sep\SE-Project-Front\src\components\NoticeIcon\NoticeIcon.jsx", "JavaScript React", 0, 0, 0, 0, 0, 0, 106, 0, 0, 0, 0, 9, 115
"d:\工作\软工实验\sep\SE-Project-Front\src\components\NoticeIcon\NoticeList.jsx", "JavaScript React", 0, 0, 0, 0, 0, 0, 93, 0, 0, 0, 0, 5, 98
"d:\工作\软工实验\sep\SE-Project-Front\src\components\NoticeIcon\NoticeList.less", "Less", 0, 0, 0, 0, 0, 0, 0, 96, 0, 0, 0, 8, 104
"d:\工作\软工实验\sep\SE-Project-Front\src\components\NoticeIcon\index.jsx", "JavaScript React", 0, 0, 0, 0, 0, 0, 130, 0, 0, 0, 0, 19, 149
"d:\工作\软工实验\sep\SE-Project-Front\src\components\NoticeIcon\index.less", "Less", 0, 0, 0, 0, 0, 0, 0, 30, 0, 0, 0, 6, 36
"d:\工作\软工实验\sep\SE-Project-Front\src\components\RightContent\AvatarDropdown.jsx", "JavaScript React", 0, 0, 0, 0, 0, 0, 88, 0, 0, 0, 5, 11, 104
"d:\工作\软工实验\sep\SE-Project-Front\src\components\RightContent\index.jsx", "JavaScript React", 0, 0, 0, 0, 0, 0, 26, 0, 0, 0, 34, 7, 67
"d:\工作\软工实验\sep\SE-Project-Front\src\components\RightContent\index.less", "Less", 0, 0, 0, 0, 0, 0, 0, 79, 0, 0, 0, 6, 85
"d:\工作\软工实验\sep\SE-Project-Front\src\components\SearchBar\index.css", "CSS", 0, 0, 0, 0, 0, 34, 0, 0, 0, 0, 0, 7, 41
"d:\工作\软工实验\sep\SE-Project-Front\src\components\SearchBar\index.js", "JavaScript", 0, 0, 0, 0, 83, 0, 0, 0, 0, 0, 7, 12, 102
"d:\工作\软工实验\sep\SE-Project-Front\src\components\index.js", "JavaScript", 0, 0, 0, 0, 6, 0, 0, 0, 0, 0, 0, 3, 9
"d:\工作\软工实验\sep\SE-Project-Front\src\components\index.md", "Markdown", 242, 0, 0, 0, 0, 0, 0, 0, 0, 0, 0, 31, 273
"d:\工作\软工实验\sep\SE-Project-Front\src\components\paper\index.css", "CSS", 0, 0, 0, 0, 0, 15, 0, 0, 0, 0, 0, 0, 15
"d:\工作\软工实验\sep\SE-Project-Front\src\components\paper\index.js", "JavaScript", 0, 0, 0, 0, 13, 0, 0, 0, 0, 0, 0, 1, 14
"d:\工作\软工实验\sep\SE-Project-Front\src\e2e\baseLayout.e2e.js", "JavaScript", 0, 0, 0, 0, 54, 0, 0, 0, 0, 0, 0, 8, 62
"d:\工作\软工实验\sep\SE-Project-Front\src\global.jsx", "JavaScript React", 0, 0, 0, 0, 0, 0, 92, 0, 0, 0, 5, 12, 109
"d:\工作\软工实验\sep\SE-Project-Front\src\global.less", "Less", 0, 0, 0, 0, 0, 0, 0, 45, 0, 0, 5, 12, 62
"d:\工作\软工实验\sep\SE-Project-Front\src\locales\bn-BD.js", "JavaScript", 0, 0, 0, 0, 25, 0, 0, 0, 0, 0, 0, 1, 26
"d:\工作\软工实验\sep\SE-Project-Front\src\locales\bn-BD\component.js", "JavaScript", 0, 0, 0, 0, 5, 0, 0, 0, 0, 0, 0, 1, 6
"d:\工作\软工实验\sep\SE-Project-Front\src\locales\bn-BD\globalHeader.js", "JavaScript", 0, 0, 0, 0, 17, 0, 0, 0, 0, 0, 0, 1, 18
"d:\工作\软工实验\sep\SE-Project-Front\src\locales\bn-BD\menu.js", "JavaScript", 0, 0, 0, 0, 52, 0, 0, 0, 0, 0, 0, 1, 53
"d:\工作\软工实验\sep\SE-Project-Front\src\locales\bn-BD\pages.js", "JavaScript", 0, 0, 0, 0, 70, 0, 0, 0, 0, 0, 0, 1, 71
"d:\工作\软工实验\sep\SE-Project-Front\src\locales\bn-BD\pwa.js", "JavaScript", 0, 0, 0, 0, 7, 0, 0, 0, 0, 0, 0, 1, 8
"d:\工作\软工实验\sep\SE-Project-Front\src\locales\bn-BD\settingDrawer.js", "JavaScript", 0, 0, 0, 0, 31, 0, 0, 0, 0, 0, 0, 1, 32
"d:\工作\软工实验\sep\SE-Project-Front\src\locales\bn-BD\settings.js", "JavaScript", 0, 0, 0, 0, 59, 0, 0, 0, 0, 0, 0, 1, 60
"d:\工作\软工实验\sep\SE-Project-Front\src\locales\en-US.js", "JavaScript", 0, 0, 0, 0, 24, 0, 0, 0, 0, 0, 0, 1, 25
"d:\工作\软工实验\sep\SE-Project-Front\src\locales\en-US\component.js", "JavaScript", 0, 0, 0, 0, 5, 0, 0, 0, 0, 0, 0, 1, 6
"d:\工作\软工实验\sep\SE-Project-Front\src\locales\en-US\globalHeader.js", "JavaScript", 0, 0, 0, 0, 17, 0, 0, 0, 0, 0, 0, 1, 18
"d:\工作\软工实验\sep\SE-Project-Front\src\locales\en-US\menu.js", "JavaScript", 0, 0, 0, 0, 52, 0, 0, 0, 0, 0, 0, 1, 53
"d:\工作\软工实验\sep\SE-Project-Front\src\locales\en-US\pages.js", "JavaScript", 0, 0, 0, 0, 70, 0, 0, 0, 0, 0, 0, 1, 71
"d:\工作\软工实验\sep\SE-Project-Front\src\locales\en-US\pwa.js", "JavaScript", 0, 0, 0, 0, 6, 0, 0, 0, 0, 0, 0, 1, 7
"d:\工作\软工实验\sep\SE-Project-Front\src\locales\en-US\settingDrawer.js", "JavaScript", 0, 0, 0, 0, 31, 0, 0, 0, 0, 0, 0, 1, 32
"d:\工作\软工实验\sep\SE-Project-Front\src\locales\en-US\settings.js", "JavaScript", 0, 0, 0, 0, 60, 0, 0, 0, 0, 0, 0, 1, 61
"d:\工作\软工实验\sep\SE-Project-Front\src\locales\fa-IR.js", "JavaScript", 0, 0, 0, 0, 23, 0, 0, 0, 0, 0, 0, 1, 24
"d:\工作\软工实验\sep\SE-Project-Front\src\locales\fa-IR\component.js", "JavaScript", 0, 0, 0, 0, 5, 0, 0, 0, 0, 0, 0, 1, 6
"d:\工作\软工实验\sep\SE-Project-Front\src\locales\fa-IR\globalHeader.js", "JavaScript", 0, 0, 0, 0, 17, 0, 0, 0, 0, 0, 0, 1, 18
"d:\工作\软工实验\sep\SE-Project-Front\src\locales\fa-IR\menu.js", "JavaScript", 0, 0, 0, 0, 52, 0, 0, 0, 0, 0, 0, 1, 53
"d:\工作\软工实验\sep\SE-Project-Front\src\locales\fa-IR\pages.js", "JavaScript", 0, 0, 0, 0, 67, 0, 0, 0, 0, 0, 0, 1, 68
"d:\工作\软工实验\sep\SE-Project-Front\src\locales\fa-IR\pwa.js", "JavaScript", 0, 0, 0, 0, 7, 0, 0, 0, 0, 0, 0, 1, 8
"d:\工作\软工实验\sep\SE-Project-Front\src\locales\fa-IR\settingDrawer.js", "JavaScript", 0, 0, 0, 0, 32, 0, 0, 0, 0, 0, 0, 1, 33
"d:\工作\软工实验\sep\SE-Project-Front\src\locales\fa-IR\settings.js", "JavaScript", 0, 0, 0, 0, 60, 0, 0, 0, 0, 0, 0, 1, 61
"d:\工作\软工实验\sep\SE-Project-Front\src\locales\id-ID.js", "JavaScript", 0, 0, 0, 0, 24, 0, 0, 0, 0, 0, 0, 1, 25
"d:\工作\软工实验\sep\SE-Project-Front\src\locales\id-ID\component.js", "JavaScript", 0, 0, 0, 0, 5, 0, 0, 0, 0, 0, 0, 1, 6
"d:\工作\软工实验\sep\SE-Project-Front\src\locales\id-ID\globalHeader.js", "JavaScript", 0, 0, 0, 0, 17, 0, 0, 0, 0, 0, 0, 1, 18
"d:\工作\软工实验\sep\SE-Project-Front\src\locales\id-ID\menu.js", "JavaScript", 0, 0, 0, 0, 52, 0, 0, 0, 0, 0, 0, 1, 53
"d:\工作\软工实验\sep\SE-Project-Front\src\locales\id-ID\pages.js", "JavaScript", 0, 0, 0, 0, 70, 0, 0, 0, 0, 0, 0, 1, 71
"d:\工作\软工实验\sep\SE-Project-Front\src\locales\id-ID\pwa.js", "JavaScript", 0, 0, 0, 0, 7, 0, 0, 0, 0, 0, 0, 1, 8
"d:\工作\软工实验\sep\SE-Project-Front\src\locales\id-ID\settingDrawer.js", "JavaScript", 0, 0, 0, 0, 32, 0, 0, 0, 0, 0, 0, 1, 33
"d:\工作\软工实验\sep\SE-Project-Front\src\locales\id-ID\settings.js", "JavaScript", 0, 0, 0, 0, 60, 0, 0, 0, 0, 0, 0, 1, 61
"d:\工作\软工实验\sep\SE-Project-Front\src\locales\ja-JP.js", "JavaScript", 0, 0, 0, 0, 23, 0, 0, 0, 0, 0, 0, 1, 24
"d:\工作\软工实验\sep\SE-Project-Front\src\locales\ja-JP\component.js", "JavaScript", 0, 0, 0, 0, 5, 0, 0, 0, 0, 0, 0, 1, 6
"d:\工作\软工实验\sep\SE-Project-Front\src\locales\ja-JP\globalHeader.js", "JavaScript", 0, 0, 0, 0, 17, 0, 0, 0, 0, 0, 0, 1, 18
"d:\工作\软工实验\sep\SE-Project-Front\src\locales\ja-JP\menu.js", "JavaScript", 0, 0, 0, 0, 52, 0, 0, 0, 0, 0, 0, 1, 53
"d:\工作\软工实验\sep\SE-Project-Front\src\locales\ja-JP\pages.js", "JavaScript", 0, 0, 0, 0, 67, 0, 0, 0, 0, 0, 0, 1, 68
"d:\工作\软工实验\sep\SE-Project-Front\src\locales\ja-JP\pwa.js", "JavaScript", 0, 0, 0, 0, 7, 0, 0, 0, 0, 0, 0, 1, 8
"d:\工作\软工实验\sep\SE-Project-Front\src\locales\ja-JP\settingDrawer.js", "JavaScript", 0, 0, 0, 0, 31, 0, 0, 0, 0, 0, 0, 1, 32
"d:\工作\软工实验\sep\SE-Project-Front\src\locales\ja-JP\settings.js", "JavaScript", 0, 0, 0, 0, 59, 0, 0, 0, 0, 0, 0, 1, 60
"d:\工作\软工实验\sep\SE-Project-Front\src\locales\pt-BR.js", "JavaScript", 0, 0, 0, 0, 21, 0, 0, 0, 0, 0, 0, 1, 22
"d:\工作\软工实验\sep\SE-Project-Front\src\locales\pt-BR\component.js", "JavaScript", 0, 0, 0, 0, 5, 0, 0, 0, 0, 0, 0, 1, 6
"d:\工作\软工实验\sep\SE-Project-Front\src\locales\pt-BR\globalHeader.js", "JavaScript", 0, 0, 0, 0, 18, 0, 0, 0, 0, 0, 0, 1, 19
"d:\工作\软工实验\sep\SE-Project-Front\src\locales\pt-BR\menu.js", "JavaScript", 0, 0, 0, 0, 52, 0, 0, 0, 0, 0, 0, 1, 53
"d:\工作\软工实验\sep\SE-Project-Front\src\locales\pt-BR\pages.js", "JavaScript", 0, 0, 0, 0, 70, 0, 0, 0, 0, 0, 0, 1, 71
"d:\工作\软工实验\sep\SE-Project-Front\src\locales\pt-BR\pwa.js", "JavaScript", 0, 0, 0, 0, 7, 0, 0, 0, 0, 0, 0, 1, 8
"d:\工作\软工实验\sep\SE-Project-Front\src\locales\pt-BR\settingDrawer.js", "JavaScript", 0, 0, 0, 0, 32, 0, 0, 0, 0, 0, 0, 1, 33
"d:\工作\软工实验\sep\SE-Project-Front\src\locales\pt-BR\settings.js", "JavaScript", 0, 0, 0, 0, 60, 0, 0, 0, 0, 0, 0, 1, 61
"d:\工作\软工实验\sep\SE-Project-Front\src\locales\zh-CN.js", "JavaScript", 0, 0, 0, 0, 24, 0, 0, 0, 0, 0, 0, 1, 25
"d:\工作\软工实验\sep\SE-Project-Front\src\locales\zh-CN\component.js", "JavaScript", 0, 0, 0, 0, 5, 0, 0, 0, 0, 0, 0, 1, 6
"d:\工作\软工实验\sep\SE-Project-Front\src\locales\zh-CN\globalHeader.js", "JavaScript", 0, 0, 0, 0, 17, 0, 0, 0, 0, 0, 0, 1, 18
"d:\工作\软工实验\sep\SE-Project-Front\src\locales\zh-CN\menu.js", "JavaScript", 0, 0, 0, 0, 101, 0, 0, 0, 0, 0, 0, 1, 102
"d:\工作\软工实验\sep\SE-Project-Front\src\locales\zh-CN\pages.js", "JavaScript", 0, 0, 0, 0, 67, 0, 0, 0, 0, 0, 0, 1, 68
"d:\工作\软工实验\sep\SE-Project-Front\src\locales\zh-CN\pwa.js", "JavaScript", 0, 0, 0, 0, 6, 0, 0, 0, 0, 0, 0, 1, 7
"d:\工作\软工实验\sep\SE-Project-Front\src\locales\zh-CN\settingDrawer.js", "JavaScript", 0, 0, 0, 0, 31, 0, 0, 0, 0, 0, 0, 1, 32
"d:\工作\软工实验\sep\SE-Project-Front\src\locales\zh-CN\settings.js", "JavaScript", 0, 0, 0, 0, 55, 0, 0, 0, 0, 0, 0, 1, 56
"d:\工作\软工实验\sep\SE-Project-Front\src\locales\zh-TW.js", "JavaScript", 0, 0, 0, 0, 19, 0, 0, 0, 0, 0, 0, 1, 20
"d:\工作\软工实验\sep\SE-Project-Front\src\locales\zh-TW\component.js", "JavaScript", 0, 0, 0, 0, 5, 0, 0, 0, 0, 0, 0, 1, 6
"d:\工作\软工实验\sep\SE-Project-Front\src\locales\zh-TW\globalHeader.js", "JavaScript", 0, 0, 0, 0, 17, 0, 0, 0, 0, 0, 0, 1, 18
"d:\工作\软工实验\sep\SE-Project-Front\src\locales\zh-TW\menu.js", "JavaScript", 0, 0, 0, 0, 52, 0, 0, 0, 0, 0, 0, 1, 53
"d:\工作\软工实验\sep\SE-Project-Front\src\locales\zh-TW\pwa.js", "JavaScript", 0, 0, 0, 0, 6, 0, 0, 0, 0, 0, 0, 1, 7
"d:\工作\软工实验\sep\SE-Project-Front\src\locales\zh-TW\settingDrawer.js", "JavaScript", 0, 0, 0, 0, 31, 0, 0, 0, 0, 0, 0, 1, 32
"d:\工作\软工实验\sep\SE-Project-Front\src\locales\zh-TW\settings.js", "JavaScript", 0, 0, 0, 0, 55, 0, 0, 0, 0, 0, 0, 1, 56
"d:\工作\软工实验\sep\SE-Project-Front\src\manifest.json", "JSON", 0, 22, 0, 0, 0, 0, 0, 0, 0, 0, 0, 0, 22
"d:\工作\软工实验\sep\SE-Project-Front\src\pages\404.jsx", "JavaScript React", 0, 0, 0, 0, 0, 0, 16, 0, 0, 0, 0, 3, 19
"d:\工作\软工实验\sep\SE-Project-Front\src\pages\Admin.jsx", "JavaScript React", 0, 0, 0, 0, 0, 0, 52, 0, 0, 0, 0, 1, 53
"d:\工作\软工实验\sep\SE-Project-Front\src\pages\Assign.js", "JavaScript", 0, 0, 0, 0, 109, 0, 0, 0, 0, 0, 4, 8, 121
"d:\工作\软工实验\sep\SE-Project-Front\src\pages\Attachment.js", "JavaScript", 0, 0, 0, 0, 38, 0, 0, 0, 0, 0, 0, 6, 44
"d:\工作\软工实验\sep\SE-Project-Front\src\pages\Contract.css", "CSS", 0, 0, 0, 0, 0, 4, 0, 0, 0, 0, 0, 1, 5
"d:\工作\软工实验\sep\SE-Project-Front\src\pages\Contract.js", "JavaScript", 0, 0, 0, 0, 48, 0, 0, 0, 0, 0, 0, 6, 54
"d:\工作\软工实验\sep\SE-Project-Front\src\pages\ContractDisplay.js", "JavaScript", 0, 0, 0, 0, 326, 0, 0, 0, 0, 0, 7, 6, 339
"d:\工作\软工实验\sep\SE-Project-Front\src\pages\ContractFill.css", "CSS", 0, 0, 0, 0, 0, 64, 0, 0, 0, 0, 0, 10, 74
"d:\工作\软工实验\sep\SE-Project-Front\src\pages\ContractFill.js", "JavaScript", 0, 0, 0, 0, 338, 0, 0, 0, 0, 0, 8, 6, 352
"d:\工作\软工实验\sep\SE-Project-Front\src\pages\ContractUpload.js", "JavaScript", 0, 0, 0, 0, 30, 0, 0, 0, 0, 0, 0, 3, 33
"d:\工作\软工实验\sep\SE-Project-Front\src\pages\ContractVerify.js", "JavaScript", 0, 0, 0, 0, 373, 0, 0, 0, 0, 0, 9, 5, 387
"d:\工作\软工实验\sep\SE-Project-Front\src\pages\DocDisplay.js", "JavaScript", 0, 0, 0, 0, 105, 0, 0, 0, 0, 0, 15, 2, 122
"d:\工作\软工实验\sep\SE-Project-Front\src\pages\DocVerify.js", "JavaScript", 0, 0, 0, 0, 139, 0, 0, 0, 0, 0, 0, 2, 141
"d:\工作\软工实验\sep\SE-Project-Front\src\pages\DocumentVerify.js", "JavaScript", 0, 0, 0, 0, 870, 0, 0, 0, 0, 0, 2, 10, 882
"d:\工作\软工实验\sep\SE-Project-Front\src\pages\Documents.js", "JavaScript", 0, 0, 0, 0, 121, 0, 0, 0, 0, 0, 0, 2, 123
"d:\工作\软工实验\sep\SE-Project-Front\src\pages\Download.js", "JavaScript", 0, 0, 0, 0, 358, 0, 0, 0, 0, 0, 0, 6, 364
"d:\工作\软工实验\sep\SE-Project-Front\src\pages\EntrustmentDisplay.js", "JavaScript", 0, 0, 0, 0, 594, 0, 0, 0, 0, 0, 7, 8, 609
"d:\工作\软工实验\sep\SE-Project-Front\src\pages\EntrustmentFill.js", "JavaScript", 0, 0, 0, 0, 729, 0, 0, 0, 0, 0, 9, 4, 742
"d:\工作\软工实验\sep\SE-Project-Front\src\pages\EntrustmentList.js", "JavaScript", 0, 0, 0, 0, 174, 0, 0, 0, 0, 0, 2, 8, 184
"d:\工作\软工实验\sep\SE-Project-Front\src\pages\EntrustmentVerify.js", "JavaScript", 0, 0, 0, 0, 682, 0, 0, 0, 0, 0, 4, 23, 709
"d:\工作\软工实验\sep\SE-Project-Front\src\pages\Form.js", "JavaScript", 0, 0, 0, 0, 20, 0, 0, 0, 0, 0, 0, 1, 21
"d:\工作\软工实验\sep\SE-Project-Front\src\pages\FormFill.css", "CSS", 0, 0, 0, 0, 0, 33, 0, 0, 0, 0, 0, 6, 39
"d:\工作\软工实验\sep\SE-Project-Front\src\pages\FormFill.js", "JavaScript", 0, 0, 0, 0, 102, 0, 0, 0, 0, 0, 15, 12, 129
"d:\工作\软工实验\sep\SE-Project-Front\src\pages\Home.js", "JavaScript", 0, 0, 0, 0, 2, 0, 0, 0, 0, 0, 36, 2, 40
"d:\工作\软工实验\sep\SE-Project-Front\src\pages\Home\Banner0.jsx", "JavaScript React", 0, 0, 0, 0, 0, 0, 52, 0, 0, 0, 0, 2, 54
"d:\工作\软工实验\sep\SE-Project-Front\src\pages\Home\Banner5.jsx", "JavaScript React", 0, 0, 0, 0, 0, 0, 44, 0, 0, 0, 0, 2, 46
"d:\工作\软工实验\sep\SE-Project-Front\src\pages\Home\Content0.jsx", "JavaScript React", 0, 0, 0, 0, 0, 0, 47, 0, 0, 0, 0, 3, 50
"d:\工作\软工实验\sep\SE-Project-Front\src\pages\Home\Content1.jsx", "JavaScript React", 0, 0, 0, 0, 0, 0, 68, 0, 0, 0, 0, 3, 71
"d:\工作\软工实验\sep\SE-Project-Front\src\pages\Home\Content3.jsx", "JavaScript React", 0, 0, 0, 0, 0, 0, 91, 0, 0, 0, 0, 4, 95
"d:\工作\软工实验\sep\SE-Project-Front\src\pages\Home\Feature0.jsx", "JavaScript React", 0, 0, 0, 0, 0, 0, 47, 0, 0, 0, 0, 3, 50
"d:\工作\软工实验\sep\SE-Project-Front\src\pages\Home\Feature6.jsx", "JavaScript React", 0, 0, 0, 0, 0, 0, 144, 0, 0, 0, 0, 10, 154
"d:\工作\软工实验\sep\SE-Project-Front\src\pages\Home\Feature7.jsx", "JavaScript React", 0, 0, 0, 0, 0, 0, 38, 0, 0, 0, 0, 4, 42
"d:\工作\软工实验\sep\SE-Project-Front\src\pages\Home\Feature8.jsx", "JavaScript React", 0, 0, 0, 0, 0, 0, 130, 0, 0, 0, 0, 10, 140
"d:\工作\软工实验\sep\SE-Project-Front\src\pages\Home\Footer0.jsx", "JavaScript React", 0, 0, 0, 0, 0, 0, 25, 0, 0, 0, 0, 3, 28
"d:\工作\软工实验\sep\SE-Project-Front\src\pages\Home\Footer1.jsx", "JavaScript React", 0, 0, 0, 0, 0, 0, 65, 0, 0, 0, 0, 5, 70
"d:\工作\软工实验\sep\SE-Project-Front\src\pages\Home\Nav0.jsx", "JavaScript React", 0, 0, 0, 0, 0, 0, 130, 0, 0, 0, 0, 6, 136
"d:\工作\软工实验\sep\SE-Project-Front\src\pages\Home\Nav3.jsx", "JavaScript React", 0, 0, 0, 0, 0, 0, 131, 0, 0, 0, 0, 6, 137
"d:\工作\软工实验\sep\SE-Project-Front\src\pages\Home\data.source.js", "JavaScript", 0, 0, 0, 0, 747, 0, 0, 0, 0, 0, 0, 1, 748
"d:\工作\软工实验\sep\SE-Project-Front\src\pages\Home\documentation.md", "Markdown", 3, 0, 0, 0, 0, 0, 0, 0, 0, 0, 0, 2, 5
"d:\工作\软工实验\sep\SE-Project-Front\src\pages\Home\image\e339fc34-b022-4cde-9607-675ca9e05231.svg", "XML", 0, 0, 0, 0, 0, 0, 0, 0, 32, 0, 1, 0, 33
"d:\工作\软工实验\sep\SE-Project-Front\src\pages\Home\index.jsx", "JavaScript React", 0, 0, 0, 0, 0, 0, 85, 0, 0, 0, 9, 8, 102
"d:\工作\软工实验\sep\SE-Project-Front\src\pages\Home\less\antMotionStyle.less", "Less", 0, 0, 0, 0, 0, 0, 0, 9, 0, 0, 0, 0, 9
"d:\工作\软工实验\sep\SE-Project-Front\src\pages\Home\less\banner0.less", "Less", 0, 0, 0, 0, 0, 0, 0, 82, 0, 0, 1, 2, 85
"d:\工作\软工实验\sep\SE-Project-Front\src\pages\Home\less\banner5.less", "Less", 0, 0, 0, 0, 0, 0, 0, 94, 0, 0, 1, 16, 111
"d:\工作\软工实验\sep\SE-Project-Front\src\pages\Home\less\common.less", "Less", 0, 0, 0, 0, 0, 0, 0, 30, 0, 0, 6, 7, 43
"d:\工作\软工实验\sep\SE-Project-Front\src\pages\Home\less\content.less", "Less", 0, 0, 0, 0, 0, 0, 0, 42, 0, 0, 0, 3, 45
"d:\工作\软工实验\sep\SE-Project-Front\src\pages\Home\less\content0.less", "Less", 0, 0, 0, 0, 0, 0, 0, 46, 0, 0, 0, 10, 56
"d:\工作\软工实验\sep\SE-Project-Front\src\pages\Home\less\content1.less", "Less", 0, 0, 0, 0, 0, 0, 0, 75, 0, 0, 0, 2, 77
"d:\工作\软工实验\sep\SE-Project-Front\src\pages\Home\less\content3.less", "Less", 0, 0, 0, 0, 0, 0, 0, 51, 0, 0, 0, 2, 53
"d:\工作\软工实验\sep\SE-Project-Front\src\pages\Home\less\custom.less", "Less", 0, 0, 0, 0, 0, 0, 0, 26, 0, 0, 2, 8, 36
"d:\工作\软工实验\sep\SE-Project-Front\src\pages\Home\less\edit.less", "Less", 0, 0, 0, 0, 0, 0, 0, 84, 0, 0, 0, 2, 86
"d:\工作\软工实验\sep\SE-Project-Front\src\pages\Home\less\feature0.less", "Less", 0, 0, 0, 0, 0, 0, 0, 46, 0, 0, 0, 10, 56
"d:\工作\软工实验\sep\SE-Project-Front\src\pages\Home\less\feature6.less", "Less", 0, 0, 0, 0, 0, 0, 0, 97, 0, 0, 0, 22, 119
"d:\工作\软工实验\sep\SE-Project-Front\src\pages\Home\less\feature7.less", "Less", 0, 0, 0, 0, 0, 0, 0, 68, 0, 0, 0, 14, 82
"d:\工作\软工实验\sep\SE-Project-Front\src\pages\Home\less\feature8.less", "Less", 0, 0, 0, 0, 0, 0, 0, 182, 0, 0, 0, 36, 218
"d:\工作\软工实验\sep\SE-Project-Front\src\pages\Home\less\footer0.less", "Less", 0, 0, 0, 0, 0, 0, 0, 27, 0, 0, 0, 2, 29
"d:\工作\软工实验\sep\SE-Project-Front\src\pages\Home\less\footer1.less", "Less", 0, 0, 0, 0, 0, 0, 0, 96, 0, 0, 0, 3, 99
"d:\工作\软工实验\sep\SE-Project-Front\src\pages\Home\less\nav0.less", "Less", 0, 0, 0, 0, 0, 0, 0, 156, 0, 0, 0, 32, 188
"d:\工作\软工实验\sep\SE-Project-Front\src\pages\Home\less\nav3.less", "Less", 0, 0, 0, 0, 0, 0, 0, 161, 0, 0, 0, 31, 192
"d:\工作\软工实验\sep\SE-Project-Front\src\pages\Home\utils.js", "JavaScript", 0, 0, 0, 0, 17, 0, 0, 0, 0, 0, 0, 3, 20
"d:\工作\软工实验\sep\SE-Project-Front\src\pages\OurLogin.css", "CSS", 0, 0, 0, 0, 0, 6, 0, 0, 0, 0, 7, 2, 15
"d:\工作\软工实验\sep\SE-Project-Front\src\pages\OurLogin.js", "JavaScript", 0, 0, 0, 0, 142, 0, 0, 0, 0, 0, 9, 15, 166
"d:\工作\软工实验\sep\SE-Project-Front\src\pages\Progress.js", "JavaScript", 0, 0, 0, 0, 1043, 0, 0, 0, 0, 0, 37, 23, 1103
"d:\工作\软工实验\sep\SE-Project-Front\src\pages\QuotationAccept.js", "JavaScript", 0, 0, 0, 0, 229, 0, 0, 0, 0, 0, 7, 3, 239
"d:\工作\软工实验\sep\SE-Project-Front\src\pages\QuotationDisplay.js", "JavaScript", 0, 0, 0, 0, 181, 0, 0, 0, 0, 0, 5, 3, 189
"d:\工作\软工实验\sep\SE-Project-Front\src\pages\QuotationFill.css", "CSS", 0, 0, 0, 0, 0, 64, 0, 0, 0, 0, 0, 10, 74
"d:\工作\软工实验\sep\SE-Project-Front\src\pages\QuotationFill.js", "JavaScript", 0, 0, 0, 0, 201, 0, 0, 0, 0, 0, 6, 4, 211
"d:\工作\软工实验\sep\SE-Project-Front\src\pages\RepoVerify.js", "JavaScript", 0, 0, 0, 0, 100, 0, 0, 0, 0, 0, 0, 2, 102
"d:\工作\软工实验\sep\SE-Project-Front\src\pages\SampleDisplay.js", "JavaScript", 0, 0, 0, 0, 100, 0, 0, 0, 0, 0, 0, 3, 103
"d:\工作\软工实验\sep\SE-Project-Front\src\pages\SampleFill.js", "JavaScript", 0, 0, 0, 0, 135, 0, 0, 0, 0, 0, 1, 4, 140
"d:\工作\软工实验\sep\SE-Project-Front\src\pages\SampleList.js", "JavaScript", 0, 0, 0, 0, 96, 0, 0, 0, 0, 0, 0, 6, 102
"d:\工作\软工实验\sep\SE-Project-Front\src\pages\Search.js", "JavaScript", 0, 0, 0, 0, 11, 0, 0, 0, 0, 0, 0, 1, 12
"d:\工作\软工实验\sep\SE-Project-Front\src\pages\SignUp.js", "JavaScript", 0, 0, 0, 0, 186, 0, 0, 0, 0, 0, 4, 18, 208
"d:\工作\软工实验\sep\SE-Project-Front\src\pages\TableList\components\UpdateForm.jsx", "JavaScript React", 0, 0, 0, 0, 0, 0, 194, 0, 0, 0, 0, 3, 197
"d:\工作\软工实验\sep\SE-Project-Front\src\pages\TableList\index.jsx", "JavaScript React", 0, 0, 0, 0, 0, 0, 355, 0, 0, 0, 29, 20, 404
"d:\工作\软工实验\sep\SE-Project-Front\src\pages\TestAssign.js", "JavaScript", 0, 0, 0, 0, 106, 0, 0, 0, 0, 0, 3, 11, 120
"d:\工作\软工实验\sep\SE-Project-Front\src\pages\TestList.js", "JavaScript", 0, 0, 0, 0, 189, 0, 0, 0, 0, 0, 3, 5, 197
"d:\工作\软工实验\sep\SE-Project-Front\src\pages\UserInfo.js", "JavaScript", 0, 0, 0, 0, 371, 0, 0, 0, 0, 0, 2, 27, 400
"d:\工作\软工实验\sep\SE-Project-Front\src\pages\Welcome.jsx", "JavaScript React", 0, 0, 0, 0, 0, 0, 61, 0, 0, 0, 0, 3, 64
"d:\工作\软工实验\sep\SE-Project-Front\src\pages\Welcome.less", "Less", 0, 0, 0, 0, 0, 0, 0, 7, 0, 0, 0, 2, 9
"d:\工作\软工实验\sep\SE-Project-Front\src\pages\account\center\Center.less", "Less", 0, 0, 0, 0, 0, 0, 0, 74, 0, 0, 0, 13, 87
"d:\工作\软工实验\sep\SE-Project-Front\src\pages\account\center\_mock.js", "JavaScript", 0, 0, 0, 0, 222, 0, 0, 0, 0, 0, 2, 8, 232
"d:\工作\软工实验\sep\SE-Project-Front\src\pages\account\center\components\Applications\index.jsx", "JavaScript React", 0, 0, 0, 0, 0, 0, 123, 0, 0, 0, 1, 7, 131
"d:\工作\软工实验\sep\SE-Project-Front\src\pages\account\center\components\Applications\index.less", "Less", 0, 0, 0, 0, 0, 0, 0, 48, 0, 0, 1, 3, 52
"d:\工作\软工实验\sep\SE-Project-Front\src\pages\account\center\components\ArticleListContent\index.jsx", "JavaScript React", 0, 0, 0, 0, 0, 0, 15, 0, 0, 0, 0, 3, 18
"d:\工作\软工实验\sep\SE-Project-Front\src\pages\account\center\components\ArticleListContent\index.less", "Less", 0, 0, 0, 0, 0, 0, 0, 36, 0, 0, 0, 3, 39
"d:\工作\软工实验\sep\SE-Project-Front\src\pages\account\center\components\Articles\index.jsx", "JavaScript React", 0, 0, 0, 0, 0, 0, 55, 0, 0, 0, 0, 4, 59
"d:\工作\软工实验\sep\SE-Project-Front\src\pages\account\center\components\Articles\index.less", "Less", 0, 0, 0, 0, 0, 0, 0, 11, 0, 0, 0, 2, 13
"d:\工作\软工实验\sep\SE-Project-Front\src\pages\account\center\components\AvatarList\index.jsx", "JavaScript React", 0, 0, 0, 0, 0, 0, 55, 0, 0, 0, 0, 7, 62
"d:\工作\软工实验\sep\SE-Project-Front\src\pages\account\center\components\AvatarList\index.less", "Less", 0, 0, 0, 0, 0, 0, 0, 44, 0, 0, 0, 7, 51
"d:\工作\软工实验\sep\SE-Project-Front\src\pages\account\center\components\Projects\index.jsx", "JavaScript React", 0, 0, 0, 0, 0, 0, 52, 0, 0, 0, 1, 3, 56
"d:\工作\软工实验\sep\SE-Project-Front\src\pages\account\center\components\Projects\index.less", "Less", 0, 0, 0, 0, 0, 0, 0, 50, 0, 0, 0, 5, 55
"d:\工作\软工实验\sep\SE-Project-Front\src\pages\account\center\index.jsx", "JavaScript React", 0, 0, 0, 0, 0, 0, 58, 0, 0, 0, 198, 21, 277
"d:\工作\软工实验\sep\SE-Project-Front\src\pages\account\center\service.js", "JavaScript", 0, 0, 0, 0, 9, 0, 0, 0, 0, 0, 0, 1, 10
"d:\工作\软工实验\sep\SE-Project-Front\src\pages\account\settings\_mock.js", "JavaScript", 0, 0, 0, 0, 71, 0, 0, 0, 0, 0, 2, 6, 79
"d:\工作\软工实验\sep\SE-Project-Front\src\pages\account\settings\components\BaseView.less", "Less", 0, 0, 0, 0, 0, 0, 0, 59, 0, 0, 0, 7, 66
"d:\工作\软工实验\sep\SE-Project-Front\src\pages\account\settings\components\PhoneView.jsx", "JavaScript React", 0, 0, 0, 0, 0, 0, 33, 0, 0, 0, 0, 5, 38
"d:\工作\软工实验\sep\SE-Project-Front\src\pages\account\settings\components\admin.jsx", "JavaScript React", 0, 0, 0, 0, 0, 0, 193, 0, 0, 0, 1, 18, 212
"d:\工作\软工实验\sep\SE-Project-Front\src\pages\account\settings\components\base.jsx", "JavaScript React", 0, 0, 0, 0, 0, 0, 147, 0, 0, 0, 165, 13, 325
"d:\工作\软工实验\sep\SE-Project-Front\src\pages\account\settings\components\binding.jsx", "JavaScript React", 0, 0, 0, 0, 0, 0, 43, 0, 0, 0, 0, 4, 47
"d:\工作\软工实验\sep\SE-Project-Front\src\pages\account\settings\components\notification.jsx", "JavaScript React", 0, 0, 0, 0, 0, 0, 39, 0, 0, 0, 0, 4, 43
"d:\工作\软工实验\sep\SE-Project-Front\src\pages\account\settings\components\security.jsx", "JavaScript React", 0, 0, 0, 0, 0, 0, 56, 0, 0, 0, 0, 4, 60
"d:\工作\软工实验\sep\SE-Project-Front\src\pages\account\settings\geographic\city.json", "JSON", 0, 1784, 0, 0, 0, 0, 0, 0, 0, 0, 0, 1, 1785
"d:\工作\软工实验\sep\SE-Project-Front\src\pages\account\settings\geographic\province.json", "JSON", 0, 138, 0, 0, 0, 0, 0, 0, 0, 0, 0, 1, 139
"d:\工作\软工实验\sep\SE-Project-Front\src\pages\account\settings\index.jsx", "JavaScript React", 0, 0, 0, 0, 0, 0, 97, 0, 0, 0, 9, 19, 125
"d:\工作\软工实验\sep\SE-Project-Front\src\pages\account\settings\service.js", "JavaScript", 0, 0, 0, 0, 13, 0, 0, 0, 0, 0, 0, 1, 14
"d:\工作\软工实验\sep\SE-Project-Front\src\pages\account\settings\style.less", "Less", 0, 0, 0, 0, 0, 0, 0, 88, 0, 0, 2, 4, 94
"d:\工作\软工实验\sep\SE-Project-Front\src\pages\dashboard\analysis\_mock.js", "JavaScript", 0, 0, 0, 0, 195, 0, 0, 0, 0, 0, 1, 15, 211
"d:\工作\软工实验\sep\SE-Project-Front\src\pages\dashboard\analysis\components\Charts\Bar\index.jsx", "JavaScript React", 0, 0, 0, 0, 0, 0, 114, 0, 0, 0, 0, 11, 125
"d:\工作\软工实验\sep\SE-Project-Front\src\pages\dashboard\analysis\components\Charts\ChartCard\index.jsx", "JavaScript React", 0, 0, 0, 0, 0, 0, 91, 0, 0, 0, 0, 12, 103
"d:\工作\软工实验\sep\SE-Project-Front\src\pages\dashboard\analysis\components\Charts\ChartCard\index.less", "Less", 0, 0, 0, 0, 0, 0, 0, 74, 0, 0, 0, 2, 76
"d:\工作\软工实验\sep\SE-Project-Front\src\pages\dashboard\analysis\components\Charts\Field\index.jsx", "JavaScript React", 0, 0, 0, 0, 0, 0, 9, 0, 0, 0, 0, 3, 12
"d:\工作\软工实验\sep\SE-Project-Front\src\pages\dashboard\analysis\components\Charts\Field\index.less", "Less", 0, 0, 0, 0, 0, 0, 0, 16, 0, 0, 0, 2, 18
"d:\工作\软工实验\sep\SE-Project-Front\src\pages\dashboard\analysis\components\Charts\Gauge\index.jsx", "JavaScript React", 0, 0, 0, 0, 0, 0, 161, 0, 0, 0, 0, 11, 172
"d:\工作\软工实验\sep\SE-Project-Front\src\pages\dashboard\analysis\components\Charts\MiniArea\index.jsx", "JavaScript React", 0, 0, 0, 0, 0, 0, 110, 0, 0, 0, 0, 3, 113
"d:\工作\软工实验\sep\SE-Project-Front\src\pages\dashboard\analysis\components\Charts\MiniBar\index.jsx", "JavaScript React", 0, 0, 0, 0, 0, 0, 40, 0, 0, 0, 0, 4, 44
"d:\工作\软工实验\sep\SE-Project-Front\src\pages\dashboard\analysis\components\Charts\MiniProgress\index.jsx", "JavaScript React", 0, 0, 0, 0, 0, 0, 43, 0, 0, 0, 0, 3, 46
"d:\工作\软工实验\sep\SE-Project-Front\src\pages\dashboard\analysis\components\Charts\Pie\index.jsx", "JavaScript React", 0, 0, 0, 0, 0, 0, 241, 0, 0, 0, 4, 26, 271
"d:\工作\软工实验\sep\SE-Project-Front\src\pages\dashboard\analysis\components\Charts\TagCloud\index.jsx", "JavaScript React", 0, 0, 0, 0, 0, 0, 165, 0, 0, 0, 5, 20, 190
"d:\工作\软工实验\sep\SE-Project-Front\src\pages\dashboard\analysis\components\Charts\TimelineChart\index.jsx", "JavaScript React", 0, 0, 0, 0, 0, 0, 127, 0, 0, 0, 2, 8, 137
"d:\工作\软工实验\sep\SE-Project-Front\src\pages\dashboard\analysis\components\Charts\WaterWave\index.jsx", "JavaScript React", 0, 0, 0, 0, 0, 0, 207, 0, 0, 0, 4, 35, 246
"d:\工作\软工实验\sep\SE-Project-Front\src\pages\dashboard\analysis\components\Charts\autoHeight.jsx", "JavaScript React", 0, 0, 0, 0, 0, 0, 62, 0, 0, 0, 0, 14, 76
"d:\工作\软工实验\sep\SE-Project-Front\src\pages\dashboard\analysis\components\Charts\index.jsx", "JavaScript React", 0, 0, 0, 0, 0, 0, 10, 0, 0, 0, 0, 3, 13
"d:\工作\软工实验\sep\SE-Project-Front\src\pages\dashboard\analysis\components\Charts\index.less", "Less", 0, 0, 0, 0, 0, 0, 0, 19, 0, 0, 0, 1, 20
"d:\工作\软工实验\sep\SE-Project-Front\src\pages\dashboard\analysis\components\IntroduceRow.jsx", "JavaScript React", 0, 0, 0, 0, 0, 0, 146, 0, 0, 0, 0, 4, 150
"d:\工作\软工实验\sep\SE-Project-Front\src\pages\dashboard\analysis\components\NumberInfo\index.jsx", "JavaScript React", 0, 0, 0, 0, 0, 0, 48, 0, 0, 0, 0, 3, 51
"d:\工作\软工实验\sep\SE-Project-Front\src\pages\dashboard\analysis\components\NumberInfo\index.less", "Less", 0, 0, 0, 0, 0, 0, 0, 67, 0, 0, 0, 2, 69
"d:\工作\软工实验\sep\SE-Project-Front\src\pages\dashboard\analysis\components\OfflineData.jsx", "JavaScript React", 0, 0, 0, 0, 0, 0, 74, 0, 0, 0, 0, 5, 79
"d:\工作\软工实验\sep\SE-Project-Front\src\pages\dashboard\analysis\components\PageLoading\index.jsx", "JavaScript React", 0, 0, 0, 0, 0, 0, 11, 0, 0, 0, 1, 2, 14
"d:\工作\软工实验\sep\SE-Project-Front\src\pages\dashboard\analysis\components\ProportionSales.jsx", "JavaScript React", 0, 0, 0, 0, 0, 0, 61, 0, 0, 0, 1, 3, 65
"d:\工作\软工实验\sep\SE-Project-Front\src\pages\dashboard\analysis\components\SalesCard.jsx", "JavaScript React", 0, 0, 0, 0, 0, 0, 181, 0, 0, 0, 0, 4, 185
"d:\工作\软工实验\sep\SE-Project-Front\src\pages\dashboard\analysis\components\TopSearch.jsx", "JavaScript React", 0, 0, 0, 0, 0, 0, 126, 0, 0, 0, 0, 3, 129
"d:\工作\软工实验\sep\SE-Project-Front\src\pages\dashboard\analysis\components\Trend\index.jsx", "JavaScript React", 0, 0, 0, 0, 0, 0, 25, 0, 0, 0, 0, 3, 28
"d:\工作\软工实验\sep\SE-Project-Front\src\pages\dashboard\analysis\components\Trend\index.less", "Less", 0, 0, 0, 0, 0, 0, 0, 33, 0, 0, 0, 5, 38
"d:\工作\软工实验\sep\SE-Project-Front\src\pages\dashboard\analysis\index.jsx", "JavaScript React", 0, 0, 0, 0, 0, 0, 128, 0, 0, 0, 0, 20, 148
"d:\工作\软工实验\sep\SE-Project-Front\src\pages\dashboard\analysis\service.js", "JavaScript", 0, 0, 0, 0, 4, 0, 0, 0, 0, 0, 0, 1, 5
"d:\工作\软工实验\sep\SE-Project-Front\src\pages\dashboard\analysis\style.less", "Less", 0, 0, 0, 0, 0, 0, 0, 175, 0, 0, 0, 15, 190
"d:\工作\软工实验\sep\SE-Project-Front\src\pages\dashboard\analysis\utils\Yuan.jsx", "JavaScript React", 0, 0, 0, 0, 0, 0, 26, 0, 0, 0, 1, 7, 34
"d:\工作\软工实验\sep\SE-Project-Front\src\pages\dashboard\analysis\utils\utils.js", "JavaScript", 0, 0, 0, 0, 39, 0, 0, 0, 0, 0, 0, 8, 47
"d:\工作\软工实验\sep\SE-Project-Front\src\pages\dashboard\analysis\utils\utils.less", "Less", 0, 0, 0, 0, 0, 0, 0, 46, 0, 0, 2, 3, 51
"d:\工作\软工实验\sep\SE-Project-Front\src\pages\dashboard\monitor\_mock.js", "JavaScript", 0, 0, 0, 0, 17, 0, 0, 0, 0, 0, 0, 3, 20
"d:\工作\软工实验\sep\SE-Project-Front\src\pages\dashboard\monitor\components\ActiveChart\index.jsx", "JavaScript React", 0, 0, 0, 0, 0, 0, 83, 0, 0, 0, 0, 11, 94
"d:\工作\软工实验\sep\SE-Project-Front\src\pages\dashboard\monitor\components\ActiveChart\index.less", "Less", 0, 0, 0, 0, 0, 0, 0, 49, 0, 0, 0, 3, 52
"d:\工作\软工实验\sep\SE-Project-Front\src\pages\dashboard\monitor\components\Charts\Gauge\index.jsx", "JavaScript React", 0, 0, 0, 0, 0, 0, 161, 0, 0, 0, 0, 11, 172
"d:\工作\软工实验\sep\SE-Project-Front\src\pages\dashboard\monitor\components\Charts\MiniArea\index.jsx", "JavaScript React", 0, 0, 0, 0, 0, 0, 110, 0, 0, 0, 0, 3, 113
"d:\工作\软工实验\sep\SE-Project-Front\src\pages\dashboard\monitor\components\Charts\Pie\index.jsx", "JavaScript React", 0, 0, 0, 0, 0, 0, 241, 0, 0, 0, 4, 27, 272
"d:\工作\软工实验\sep\SE-Project-Front\src\pages\dashboard\monitor\components\Charts\TagCloud\index.jsx", "JavaScript React", 0, 0, 0, 0, 0, 0, 165, 0, 0, 0, 5, 20, 190
"d:\工作\软工实验\sep\SE-Project-Front\src\pages\dashboard\monitor\components\Charts\WaterWave\index.jsx", "JavaScript React", 0, 0, 0, 0, 0, 0, 207, 0, 0, 0, 4, 35, 246
"d:\工作\软工实验\sep\SE-Project-Front\src\pages\dashboard\monitor\components\Charts\autoHeight.jsx", "JavaScript React", 0, 0, 0, 0, 0, 0, 62, 0, 0, 0, 0, 14, 76
"d:\工作\软工实验\sep\SE-Project-Front\src\pages\dashboard\monitor\components\Map\index.jsx", "JavaScript React", 0, 0, 0, 0, 0, 0, 142, 0, 0, 0, 0, 3, 145
"d:\工作\软工实验\sep\SE-Project-Front\src\pages\dashboard\monitor\index.jsx", "JavaScript React", 0, 0, 0, 0, 0, 0, 186, 0, 0, 0, 9, 3, 198
"d:\工作\软工实验\sep\SE-Project-Front\src\pages\dashboard\monitor\service.js", "JavaScript", 0, 0, 0, 0, 4, 0, 0, 0, 0, 0, 0, 1, 5
"d:\工作\软工实验\sep\SE-Project-Front\src\pages\dashboard\monitor\style.less", "Less", 0, 0, 0, 0, 0, 0, 0, 18, 0, 0, 0, 4, 22
"d:\工作\软工实验\sep\SE-Project-Front\src\pages\dashboard\workplace\_mock.js", "JavaScript", 0, 0, 0, 0, 392, 0, 0, 0, 0, 0, 1, 18, 411
"d:\工作\软工实验\sep\SE-Project-Front\src\pages\dashboard\workplace\components\EditableLinkGroup\index.jsx", "JavaScript React", 0, 0, 0, 0, 0, 0, 31, 0, 0, 0, 0, 3, 34
"d:\工作\软工实验\sep\SE-Project-Front\src\pages\dashboard\workplace\components\EditableLinkGroup\index.less", "Less", 0, 0, 0, 0, 0, 0, 0, 15, 0, 0, 0, 2, 17
"d:\工作\软工实验\sep\SE-Project-Front\src\pages\dashboard\workplace\components\Radar\autoHeight.jsx", "JavaScript React", 0, 0, 0, 0, 0, 0, 62, 0, 0, 0, 0, 14, 76
"d:\工作\软工实验\sep\SE-Project-Front\src\pages\dashboard\workplace\components\Radar\index.jsx", "JavaScript React", 0, 0, 0, 0, 0, 0, 166, 0, 0, 0, 2, 13, 181
"d:\工作\软工实验\sep\SE-Project-Front\src\pages\dashboard\workplace\index.jsx", "JavaScript React", 0, 0, 0, 0, 0, 0, 260, 0, 0, 0, 0, 10, 270
"d:\工作\软工实验\sep\SE-Project-Front\src\pages\dashboard\workplace\service.js", "JavaScript", 0, 0, 0, 0, 10, 0, 0, 0, 0, 0, 0, 1, 11
"d:\工作\软工实验\sep\SE-Project-Front\src\pages\dashboard\workplace\style.less", "Less", 0, 0, 0, 0, 0, 0, 0, 234, 0, 0, 2, 15, 251
"d:\工作\软工实验\sep\SE-Project-Front\src\pages\document.ejs", "HTML", 0, 0, 0, 201, 0, 0, 0, 0, 0, 0, 3, 23, 227
"d:\工作\软工实验\sep\SE-Project-Front\src\pages\downloads\ContractDownload.js", "JavaScript", 0, 0, 0, 0, 53, 0, 0, 0, 0, 0, 2, 2, 57
"d:\工作\软工实验\sep\SE-Project-Front\src\pages\downloads\RepoVerDownload.js", "JavaScript", 0, 0, 0, 0, 53, 0, 0, 0, 0, 0, 2, 4, 59
"d:\工作\软工实验\sep\SE-Project-Front\src\pages\downloads\ScheVerDownload.js", "JavaScript", 0, 0, 0, 0, 53, 0, 0, 0, 0, 0, 2, 2, 57
"d:\工作\软工实验\sep\SE-Project-Front\src\pages\editor\flow\common\IconFont\index.js", "JavaScript", 0, 0, 0, 0, 5, 0, 0, 0, 0, 0, 0, 1, 6
"d:\工作\软工实验\sep\SE-Project-Front\src\pages\editor\flow\components\EditorContextMenu\FlowContextMenu.jsx", "JavaScript React", 0, 0, 0, 0, 0, 0, 31, 0, 0, 0, 0, 3, 34
"d:\工作\软工实验\sep\SE-Project-Front\src\pages\editor\flow\components\EditorContextMenu\KoniContextMenu.jsx", "JavaScript React", 0, 0, 0, 0, 0, 0, 2, 0, 0, 0, 0, 1, 3
"d:\工作\软工实验\sep\SE-Project-Front\src\pages\editor\flow\components\EditorContextMenu\MenuItem.jsx", "JavaScript React", 0, 0, 0, 0, 0, 0, 17, 0, 0, 0, 0, 4, 21
"d:\工作\软工实验\sep\SE-Project-Front\src\pages\editor\flow\components\EditorContextMenu\MindContextMenu.jsx", "JavaScript React", 0, 0, 0, 0, 0, 0, 19, 0, 0, 0, 0, 3, 22
"d:\工作\软工实验\sep\SE-Project-Front\src\pages\editor\flow\components\EditorContextMenu\index.jsx", "JavaScript React", 0, 0, 0, 0, 0, 0, 4, 0, 0, 0, 0, 1, 5
"d:\工作\软工实验\sep\SE-Project-Front\src\pages\editor\flow\components\EditorContextMenu\index.less", "Less", 0, 0, 0, 0, 0, 0, 0, 35, 0, 0, 0, 7, 42
"d:\工作\软工实验\sep\SE-Project-Front\src\pages\editor\flow\components\EditorDetailPanel\DetailForm.jsx", "JavaScript React", 0, 0, 0, 0, 0, 0, 113, 0, 0, 0, 0, 11, 124
"d:\工作\软工实验\sep\SE-Project-Front\src\pages\editor\flow\components\EditorDetailPanel\FlowDetailPanel.jsx", "JavaScript React", 0, 0, 0, 0, 0, 0, 24, 0, 0, 0, 0, 3, 27
"d:\工作\软工实验\sep\SE-Project-Front\src\pages\editor\flow\components\EditorDetailPanel\KoniDetailPanel.jsx", "JavaScript React", 0, 0, 0, 0, 0, 0, 2, 0, 0, 0, 0, 1, 3
"d:\工作\软工实验\sep\SE-Project-Front\src\pages\editor\flow\components\EditorDetailPanel\MindDetailPanel.jsx", "JavaScript React", 0, 0, 0, 0, 0, 0, 15, 0, 0, 0, 0, 3, 18
"d:\工作\软工实验\sep\SE-Project-Front\src\pages\editor\flow\components\EditorDetailPanel\index.jsx", "JavaScript React", 0, 0, 0, 0, 0, 0, 4, 0, 0, 0, 0, 1, 5
"d:\工作\软工实验\sep\SE-Project-Front\src\pages\editor\flow\components\EditorDetailPanel\index.less", "Less", 0, 0, 0, 0, 0, 0, 0, 5, 0, 0, 0, 2, 7
"d:\工作\软工实验\sep\SE-Project-Front\src\pages\editor\flow\components\EditorItemPanel\FlowItemPanel.jsx", "JavaScript React", 0, 0, 0, 0, 0, 0, 50, 0, 0, 0, 0, 3, 53
"d:\工作\软工实验\sep\SE-Project-Front\src\pages\editor\flow\components\EditorItemPanel\KoniItemPanel.jsx", "JavaScript React", 0, 0, 0, 0, 0, 0, 46, 0, 0, 0, 0, 3, 49
"d:\工作\软工实验\sep\SE-Project-Front\src\pages\editor\flow\components\EditorItemPanel\index.jsx", "JavaScript React", 0, 0, 0, 0, 0, 0, 3, 0, 0, 0, 0, 1, 4
"d:\工作\软工实验\sep\SE-Project-Front\src\pages\editor\flow\components\EditorItemPanel\index.less", "Less", 0, 0, 0, 0, 0, 0, 0, 17, 0, 0, 0, 3, 20
"d:\工作\软工实验\sep\SE-Project-Front\src\pages\editor\flow\components\EditorMinimap\index.jsx", "JavaScript React", 0, 0, 0, 0, 0, 0, 8, 0, 0, 0, 0, 3, 11
"d:\工作\软工实验\sep\SE-Project-Front\src\pages\editor\flow\components\EditorToolbar\FlowToolbar.jsx", "JavaScript React", 0, 0, 0, 0, 0, 0, 27, 0, 0, 0, 0, 3, 30
"d:\工作\软工实验\sep\SE-Project-Front\src\pages\editor\flow\components\EditorToolbar\KoniToolbar.jsx", "JavaScript React", 0, 0, 0, 0, 0, 0, 2, 0, 0, 0, 0, 1, 3
"d:\工作\软工实验\sep\SE-Project-Front\src\pages\editor\flow\components\EditorToolbar\MindToolbar.jsx", "JavaScript React", 0, 0, 0, 0, 0, 0, 22, 0, 0, 0, 0, 3, 25
"d:\工作\软工实验\sep\SE-Project-Front\src\pages\editor\flow\components\EditorToolbar\ToolbarButton.jsx", "JavaScript React", 0, 0, 0, 0, 0, 0, 21, 0, 0, 0, 0, 4, 25
"d:\工作\软工实验\sep\SE-Project-Front\src\pages\editor\flow\components\EditorToolbar\index.jsx", "JavaScript React", 0, 0, 0, 0, 0, 0, 4, 0, 0, 0, 0, 1, 5
"d:\工作\软工实验\sep\SE-Project-Front\src\pages\editor\flow\components\EditorToolbar\index.less", "Less", 0, 0, 0, 0, 0, 0, 0, 34, 0, 0, 0, 7, 41
"d:\工作\软工实验\sep\SE-Project-Front\src\pages\editor\flow\index.jsx", "JavaScript React", 0, 0, 0, 0, 0, 0, 34, 0, 0, 0, 0, 1, 35
"d:\工作\软工实验\sep\SE-Project-Front\src\pages\editor\flow\index.less", "Less", 0, 0, 0, 0, 0, 0, 0, 41, 0, 0, 0, 8, 49
"d:\工作\软工实验\sep\SE-Project-Front\src\pages\editor\koni\common\IconFont\index.js", "JavaScript", 0, 0, 0, 0, 5, 0, 0, 0, 0, 0, 0, 1, 6
"d:\工作\软工实验\sep\SE-Project-Front\src\pages\editor\koni\components\EditorContextMenu\FlowContextMenu.jsx", "JavaScript React", 0, 0, 0, 0, 0, 0, 31, 0, 0, 0, 0, 3, 34
"d:\工作\软工实验\sep\SE-Project-Front\src\pages\editor\koni\components\EditorContextMenu\KoniContextMenu.jsx", "JavaScript React", 0, 0, 0, 0, 0, 0, 2, 0, 0, 0, 0, 1, 3
"d:\工作\软工实验\sep\SE-Project-Front\src\pages\editor\koni\components\EditorContextMenu\MenuItem.jsx", "JavaScript React", 0, 0, 0, 0, 0, 0, 17, 0, 0, 0, 0, 4, 21
"d:\工作\软工实验\sep\SE-Project-Front\src\pages\editor\koni\components\EditorContextMenu\MindContextMenu.jsx", "JavaScript React", 0, 0, 0, 0, 0, 0, 19, 0, 0, 0, 0, 3, 22
"d:\工作\软工实验\sep\SE-Project-Front\src\pages\editor\koni\components\EditorContextMenu\index.jsx", "JavaScript React", 0, 0, 0, 0, 0, 0, 4, 0, 0, 0, 0, 1, 5
"d:\工作\软工实验\sep\SE-Project-Front\src\pages\editor\koni\components\EditorContextMenu\index.less", "Less", 0, 0, 0, 0, 0, 0, 0, 35, 0, 0, 0, 6, 41
"d:\工作\软工实验\sep\SE-Project-Front\src\pages\editor\koni\components\EditorDetailPanel\DetailForm.jsx", "JavaScript React", 0, 0, 0, 0, 0, 0, 113, 0, 0, 0, 0, 11, 124
"d:\工作\软工实验\sep\SE-Project-Front\src\pages\editor\koni\components\EditorDetailPanel\FlowDetailPanel.jsx", "JavaScript React", 0, 0, 0, 0, 0, 0, 24, 0, 0, 0, 0, 3, 27
"d:\工作\软工实验\sep\SE-Project-Front\src\pages\editor\koni\components\EditorDetailPanel\KoniDetailPanel.jsx", "JavaScript React", 0, 0, 0, 0, 0, 0, 2, 0, 0, 0, 0, 1, 3
"d:\工作\软工实验\sep\SE-Project-Front\src\pages\editor\koni\components\EditorDetailPanel\MindDetailPanel.jsx", "JavaScript React", 0, 0, 0, 0, 0, 0, 15, 0, 0, 0, 0, 3, 18
"d:\工作\软工实验\sep\SE-Project-Front\src\pages\editor\koni\components\EditorDetailPanel\index.jsx", "JavaScript React", 0, 0, 0, 0, 0, 0, 4, 0, 0, 0, 0, 1, 5
"d:\工作\软工实验\sep\SE-Project-Front\src\pages\editor\koni\components\EditorDetailPanel\index.less", "Less", 0, 0, 0, 0, 0, 0, 0, 5, 0, 0, 0, 2, 7
"d:\工作\软工实验\sep\SE-Project-Front\src\pages\editor\koni\components\EditorItemPanel\FlowItemPanel.jsx", "JavaScript React", 0, 0, 0, 0, 0, 0, 50, 0, 0, 0, 0, 3, 53
"d:\工作\软工实验\sep\SE-Project-Front\src\pages\editor\koni\components\EditorItemPanel\KoniItemPanel.jsx", "JavaScript React", 0, 0, 0, 0, 0, 0, 46, 0, 0, 0, 0, 3, 49
"d:\工作\软工实验\sep\SE-Project-Front\src\pages\editor\koni\components\EditorItemPanel\index.jsx", "JavaScript React", 0, 0, 0, 0, 0, 0, 3, 0, 0, 0, 0, 1, 4
"d:\工作\软工实验\sep\SE-Project-Front\src\pages\editor\koni\components\EditorItemPanel\index.less", "Less", 0, 0, 0, 0, 0, 0, 0, 17, 0, 0, 0, 3, 20
"d:\工作\软工实验\sep\SE-Project-Front\src\pages\editor\koni\components\EditorMinimap\index.jsx", "JavaScript React", 0, 0, 0, 0, 0, 0, 8, 0, 0, 0, 0, 3, 11
"d:\工作\软工实验\sep\SE-Project-Front\src\pages\editor\koni\components\EditorToolbar\FlowToolbar.jsx", "JavaScript React", 0, 0, 0, 0, 0, 0, 27, 0, 0, 0, 0, 3, 30
"d:\工作\软工实验\sep\SE-Project-Front\src\pages\editor\koni\components\EditorToolbar\KoniToolbar.jsx", "JavaScript React", 0, 0, 0, 0, 0, 0, 2, 0, 0, 0, 0, 1, 3
"d:\工作\软工实验\sep\SE-Project-Front\src\pages\editor\koni\components\EditorToolbar\MindToolbar.jsx", "JavaScript React", 0, 0, 0, 0, 0, 0, 22, 0, 0, 0, 0, 3, 25
"d:\工作\软工实验\sep\SE-Project-Front\src\pages\editor\koni\components\EditorToolbar\ToolbarButton.jsx", "JavaScript React", 0, 0, 0, 0, 0, 0, 21, 0, 0, 0, 0, 4, 25
"d:\工作\软工实验\sep\SE-Project-Front\src\pages\editor\koni\components\EditorToolbar\index.jsx", "JavaScript React", 0, 0, 0, 0, 0, 0, 4, 0, 0, 0, 0, 1, 5
"d:\工作\软工实验\sep\SE-Project-Front\src\pages\editor\koni\components\EditorToolbar\index.less", "Less", 0, 0, 0, 0, 0, 0, 0, 34, 0, 0, 0, 6, 40
"d:\工作\软工实验\sep\SE-Project-Front\src\pages\editor\koni\index.jsx", "JavaScript React", 0, 0, 0, 0, 0, 0, 34, 0, 0, 0, 0, 1, 35
"d:\工作\软工实验\sep\SE-Project-Front\src\pages\editor\koni\index.less", "Less", 0, 0, 0, 0, 0, 0, 0, 48, 0, 0, 0, 9, 57
"d:\工作\软工实验\sep\SE-Project-Front\src\pages\editor\mind\common\IconFont\index.js", "JavaScript", 0, 0, 0, 0, 5, 0, 0, 0, 0, 0, 0, 1, 6
"d:\工作\软工实验\sep\SE-Project-Front\src\pages\editor\mind\components\EditorContextMenu\FlowContextMenu.jsx", "JavaScript React", 0, 0, 0, 0, 0, 0, 31, 0, 0, 0, 0, 3, 34
"d:\工作\软工实验\sep\SE-Project-Front\src\pages\editor\mind\components\EditorContextMenu\KoniContextMenu.jsx", "JavaScript React", 0, 0, 0, 0, 0, 0, 2, 0, 0, 0, 0, 1, 3
"d:\工作\软工实验\sep\SE-Project-Front\src\pages\editor\mind\components\EditorContextMenu\MenuItem.jsx", "JavaScript React", 0, 0, 0, 0, 0, 0, 17, 0, 0, 0, 0, 4, 21
"d:\工作\软工实验\sep\SE-Project-Front\src\pages\editor\mind\components\EditorContextMenu\MindContextMenu.jsx", "JavaScript React", 0, 0, 0, 0, 0, 0, 19, 0, 0, 0, 0, 3, 22
"d:\工作\软工实验\sep\SE-Project-Front\src\pages\editor\mind\components\EditorContextMenu\index.jsx", "JavaScript React", 0, 0, 0, 0, 0, 0, 4, 0, 0, 0, 0, 1, 5
"d:\工作\软工实验\sep\SE-Project-Front\src\pages\editor\mind\components\EditorContextMenu\index.less", "Less", 0, 0, 0, 0, 0, 0, 0, 35, 0, 0, 0, 6, 41
"d:\工作\软工实验\sep\SE-Project-Front\src\pages\editor\mind\components\EditorDetailPanel\DetailForm.jsx", "JavaScript React", 0, 0, 0, 0, 0, 0, 113, 0, 0, 0, 0, 11, 124
"d:\工作\软工实验\sep\SE-Project-Front\src\pages\editor\mind\components\EditorDetailPanel\FlowDetailPanel.jsx", "JavaScript React", 0, 0, 0, 0, 0, 0, 24, 0, 0, 0, 0, 3, 27
"d:\工作\软工实验\sep\SE-Project-Front\src\pages\editor\mind\components\EditorDetailPanel\KoniDetailPanel.jsx", "JavaScript React", 0, 0, 0, 0, 0, 0, 2, 0, 0, 0, 0, 1, 3
"d:\工作\软工实验\sep\SE-Project-Front\src\pages\editor\mind\components\EditorDetailPanel\MindDetailPanel.jsx", "JavaScript React", 0, 0, 0, 0, 0, 0, 15, 0, 0, 0, 0, 3, 18
"d:\工作\软工实验\sep\SE-Project-Front\src\pages\editor\mind\components\EditorDetailPanel\index.jsx", "JavaScript React", 0, 0, 0, 0, 0, 0, 4, 0, 0, 0, 0, 1, 5
"d:\工作\软工实验\sep\SE-Project-Front\src\pages\editor\mind\components\EditorDetailPanel\index.less", "Less", 0, 0, 0, 0, 0, 0, 0, 5, 0, 0, 0, 2, 7
"d:\工作\软工实验\sep\SE-Project-Front\src\pages\editor\mind\components\EditorItemPanel\FlowItemPanel.jsx", "JavaScript React", 0, 0, 0, 0, 0, 0, 50, 0, 0, 0, 0, 3, 53
"d:\工作\软工实验\sep\SE-Project-Front\src\pages\editor\mind\components\EditorItemPanel\KoniItemPanel.jsx", "JavaScript React", 0, 0, 0, 0, 0, 0, 46, 0, 0, 0, 0, 3, 49
"d:\工作\软工实验\sep\SE-Project-Front\src\pages\editor\mind\components\EditorItemPanel\index.jsx", "JavaScript React", 0, 0, 0, 0, 0, 0, 3, 0, 0, 0, 0, 1, 4
"d:\工作\软工实验\sep\SE-Project-Front\src\pages\editor\mind\components\EditorItemPanel\index.less", "Less", 0, 0, 0, 0, 0, 0, 0, 17, 0, 0, 0, 3, 20
"d:\工作\软工实验\sep\SE-Project-Front\src\pages\editor\mind\components\EditorMinimap\index.jsx", "JavaScript React", 0, 0, 0, 0, 0, 0, 8, 0, 0, 0, 0, 3, 11
"d:\工作\软工实验\sep\SE-Project-Front\src\pages\editor\mind\components\EditorToolbar\FlowToolbar.jsx", "JavaScript React", 0, 0, 0, 0, 0, 0, 27, 0, 0, 0, 0, 3, 30
"d:\工作\软工实验\sep\SE-Project-Front\src\pages\editor\mind\components\EditorToolbar\KoniToolbar.jsx", "JavaScript React", 0, 0, 0, 0, 0, 0, 2, 0, 0, 0, 0, 1, 3
"d:\工作\软工实验\sep\SE-Project-Front\src\pages\editor\mind\components\EditorToolbar\MindToolbar.jsx", "JavaScript React", 0, 0, 0, 0, 0, 0, 22, 0, 0, 0, 0, 3, 25
"d:\工作\软工实验\sep\SE-Project-Front\src\pages\editor\mind\components\EditorToolbar\ToolbarButton.jsx", "JavaScript React", 0, 0, 0, 0, 0, 0, 21, 0, 0, 0, 0, 4, 25
"d:\工作\软工实验\sep\SE-Project-Front\src\pages\editor\mind\components\EditorToolbar\index.jsx", "JavaScript React", 0, 0, 0, 0, 0, 0, 4, 0, 0, 0, 0, 1, 5
"d:\工作\软工实验\sep\SE-Project-Front\src\pages\editor\mind\components\EditorToolbar\index.less", "Less", 0, 0, 0, 0, 0, 0, 0, 34, 0, 0, 0, 7, 41
"d:\工作\软工实验\sep\SE-Project-Front\src\pages\editor\mind\index.jsx", "JavaScript React", 0, 0, 0, 0, 0, 0, 31, 0, 0, 0, 0, 1, 32
"d:\工作\软工实验\sep\SE-Project-Front\src\pages\editor\mind\index.less", "Less", 0, 0, 0, 0, 0, 0, 0, 48, 0, 0, 0, 9, 57
"d:\工作\软工实验\sep\SE-Project-Front\src\pages\editor\mind\worldCup2018.json", "JSON", 0, 129, 0, 0, 0, 0, 0, 0, 0, 0, 0, 1, 130
"d:\工作\软工实验\sep\SE-Project-Front\src\pages\exception\403\index.jsx", "JavaScript React", 0, 0, 0, 0, 0, 0, 17, 0, 0, 0, 0, 1, 18
"d:\工作\软工实验\sep\SE-Project-Front\src\pages\exception\404\index.jsx", "JavaScript React", 0, 0, 0, 0, 0, 0, 17, 0, 0, 0, 0, 1, 18
"d:\工作\软工实验\sep\SE-Project-Front\src\pages\exception\500\index.jsx", "JavaScript React", 0, 0, 0, 0, 0, 0, 17, 0, 0, 0, 0, 1, 18
"d:\工作\软工实验\sep\SE-Project-Front\src\pages\form\advanced-form\_mock.js", "JavaScript", 0, 0, 0, 0, 9, 0, 0, 0, 0, 0, 1, 1, 11
"d:\工作\软工实验\sep\SE-Project-Front\src\pages\form\advanced-form\components\TableForm.jsx", "JavaScript React", 0, 0, 0, 0, 0, 0, 222, 0, 0, 0, 1, 29, 252
"d:\工作\软工实验\sep\SE-Project-Front\src\pages\form\advanced-form\index.jsx", "JavaScript React", 0, 0, 0, 0, 0, 0, 519, 0, 0, 0, 1, 14, 534
"d:\工作\软工实验\sep\SE-Project-Front\src\pages\form\advanced-form\service.js", "JavaScript", 0, 0, 0, 0, 7, 0, 0, 0, 0, 0, 0, 1, 8
"d:\工作\软工实验\sep\SE-Project-Front\src\pages\form\advanced-form\style.less", "Less", 0, 0, 0, 0, 0, 0, 0, 58, 0, 0, 0, 8, 66
"d:\工作\软工实验\sep\SE-Project-Front\src\pages\form\basic-form\_mock.js", "JavaScript", 0, 0, 0, 0, 9, 0, 0, 0, 0, 0, 1, 1, 11
"d:\工作\软工实验\sep\SE-Project-Front\src\pages\form\basic-form\index.jsx", "JavaScript React", 0, 0, 0, 0, 0, 0, 184, 0, 0, 0, 0, 10, 194
"d:\工作\软工实验\sep\SE-Project-Front\src\pages\form\basic-form\service.js", "JavaScript", 0, 0, 0, 0, 7, 0, 0, 0, 0, 0, 0, 1, 8
"d:\工作\软工实验\sep\SE-Project-Front\src\pages\form\basic-form\style.less", "Less", 0, 0, 0, 0, 0, 0, 0, 5, 0, 0, 0, 2, 7
"d:\工作\软工实验\sep\SE-Project-Front\src\pages\form\step-form\_mock.js", "JavaScript", 0, 0, 0, 0, 9, 0, 0, 0, 0, 0, 1, 1, 11
"d:\工作\软工实验\sep\SE-Project-Front\src\pages\form\step-form\index.jsx", "JavaScript React", 0, 0, 0, 0, 0, 0, 221, 0, 0, 0, 0, 8, 229
"d:\工作\软工实验\sep\SE-Project-Front\src\pages\form\step-form\service.js", "JavaScript", 0, 0, 0, 0, 7, 0, 0, 0, 0, 0, 0, 1, 8
"d:\工作\软工实验\sep\SE-Project-Front\src\pages\form\step-form\style.less", "Less", 0, 0, 0, 0, 0, 0, 0, 9, 0, 0, 0, 3, 12
"d:\工作\软工实验\sep\SE-Project-Front\src\pages\index.js", "JavaScript", 0, 0, 0, 0, 33, 0, 0, 0, 0, 0, 0, 2, 35
"d:\工作\软工实验\sep\SE-Project-Front\src\pages\list\basic-list\_mock.js", "JavaScript", 0, 0, 0, 0, 140, 0, 0, 0, 0, 0, 2, 15, 157
"d:\工作\软工实验\sep\SE-Project-Front\src\pages\list\basic-list\components\OperationModal.jsx", "JavaScript React", 0, 0, 0, 0, 0, 0, 117, 0, 0, 0, 0, 5, 122
"d:\工作\软工实验\sep\SE-Project-Front\src\pages\list\basic-list\index.jsx", "JavaScript React", 0, 0, 0, 0, 0, 0, 232, 0, 0, 0, 0, 15, 247
"d:\工作\软工实验\sep\SE-Project-Front\src\pages\list\basic-list\service.js", "JavaScript", 0, 0, 0, 0, 24, 0, 0, 0, 0, 0, 0, 1, 25
"d:\工作\软工实验\sep\SE-Project-Front\src\pages\list\basic-list\style.less", "Less", 0, 0, 0, 0, 0, 0, 0, 186, 0, 0, 0, 10, 196
"d:\工作\软工实验\sep\SE-Project-Front\src\pages\list\basic-list\utils\utils.less", "Less", 0, 0, 0, 0, 0, 0, 0, 46, 0, 0, 2, 3, 51
"d:\工作\软工实验\sep\SE-Project-Front\src\pages\list\card-list\_mock.js", "JavaScript", 0, 0, 0, 0, 104, 0, 0, 0, 0, 0, 1, 6, 111
"d:\工作\软工实验\sep\SE-Project-Front\src\pages\list\card-list\index.jsx", "JavaScript React", 0, 0, 0, 0, 0, 0, 102, 0, 0, 0, 0, 4, 106
"d:\工作\软工实验\sep\SE-Project-Front\src\pages\list\card-list\service.js", "JavaScript", 0, 0, 0, 0, 6, 0, 0, 0, 0, 0, 0, 1, 7
"d:\工作\软工实验\sep\SE-Project-Front\src\pages\list\card-list\style.less", "Less", 0, 0, 0, 0, 0, 0, 0, 97, 0, 0, 0, 11, 108
"d:\工作\软工实验\sep\SE-Project-Front\src\pages\list\card-list\utils\utils.less", "Less", 0, 0, 0, 0, 0, 0, 0, 46, 0, 0, 2, 3, 51
"d:\工作\软工实验\sep\SE-Project-Front\src\pages\list\search\applications\_mock.js", "JavaScript", 0, 0, 0, 0, 104, 0, 0, 0, 0, 0, 1, 6, 111
"d:\工作\软工实验\sep\SE-Project-Front\src\pages\list\search\applications\components\StandardFormRow\index.jsx", "JavaScript React", 0, 0, 0, 0, 0, 0, 21, 0, 0, 0, 0, 3, 24
"d:\工作\软工实验\sep\SE-Project-Front\src\pages\list\search\applications\components\StandardFormRow\index.less", "Less", 0, 0, 0, 0, 0, 0, 0, 82, 0, 0, 0, 6, 88
"d:\工作\软工实验\sep\SE-Project-Front\src\pages\list\search\applications\components\TagSelect\index.jsx", "JavaScript React", 0, 0, 0, 0, 0, 0, 98, 0, 0, 0, 0, 15, 113
"d:\工作\软工实验\sep\SE-Project-Front\src\pages\list\search\applications\components\TagSelect\index.less", "Less", 0, 0, 0, 0, 0, 0, 0, 32, 0, 0, 0, 3, 35
"d:\工作\软工实验\sep\SE-Project-Front\src\pages\list\search\applications\index.jsx", "JavaScript React", 0, 0, 0, 0, 0, 0, 204, 0, 0, 0, 0, 5, 209
"d:\工作\软工实验\sep\SE-Project-Front\src\pages\list\search\applications\service.js", "JavaScript", 0, 0, 0, 0, 6, 0, 0, 0, 0, 0, 0, 1, 7
"d:\工作\软工实验\sep\SE-Project-Front\src\pages\list\search\applications\style.less", "Less", 0, 0, 0, 0, 0, 0, 0, 47, 0, 0, 1, 3, 51
"d:\工作\软工实验\sep\SE-Project-Front\src\pages\list\search\applications\utils\utils.less", "Less", 0, 0, 0, 0, 0, 0, 0, 46, 0, 0, 2, 3, 51
"d:\工作\软工实验\sep\SE-Project-Front\src\pages\list\search\articles\_mock.js", "JavaScript", 0, 0, 0, 0, 104, 0, 0, 0, 0, 0, 1, 6, 111
"d:\工作\软工实验\sep\SE-Project-Front\src\pages\list\search\articles\components\ArticleListContent\index.jsx", "JavaScript React", 0, 0, 0, 0, 0, 0, 15, 0, 0, 0, 0, 3, 18
"d:\工作\软工实验\sep\SE-Project-Front\src\pages\list\search\articles\components\ArticleListContent\index.less", "Less", 0, 0, 0, 0, 0, 0, 0, 36, 0, 0, 0, 3, 39
"d:\工作\软工实验\sep\SE-Project-Front\src\pages\list\search\articles\components\StandardFormRow\index.jsx", "JavaScript React", 0, 0, 0, 0, 0, 0, 21, 0, 0, 0, 0, 3, 24
"d:\工作\软工实验\sep\SE-Project-Front\src\pages\list\search\articles\components\StandardFormRow\index.less", "Less", 0, 0, 0, 0, 0, 0, 0, 84, 0, 0, 0, 5, 89
"d:\工作\软工实验\sep\SE-Project-Front\src\pages\list\search\articles\components\TagSelect\index.jsx", "JavaScript React", 0, 0, 0, 0, 0, 0, 98, 0, 0, 0, 0, 15, 113
"d:\工作\软工实验\sep\SE-Project-Front\src\pages\list\search\articles\components\TagSelect\index.less", "Less", 0, 0, 0, 0, 0, 0, 0, 32, 0, 0, 0, 2, 34
"d:\工作\软工实验\sep\SE-Project-Front\src\pages\list\search\articles\index.jsx", "JavaScript React", 0, 0, 0, 0, 0, 0, 264, 0, 0, 0, 0, 10, 274
"d:\工作\软工实验\sep\SE-Project-Front\src\pages\list\search\articles\service.js", "JavaScript", 0, 0, 0, 0, 6, 0, 0, 0, 0, 0, 0, 1, 7
"d:\工作\软工实验\sep\SE-Project-Front\src\pages\list\search\articles\style.less", "Less", 0, 0, 0, 0, 0, 0, 0, 29, 0, 0, 0, 3, 32
"d:\工作\软工实验\sep\SE-Project-Front\src\pages\list\search\index.jsx", "JavaScript React", 0, 0, 0, 0, 0, 0, 76, 0, 0, 0, 1, 12, 89
"d:\工作\软工实验\sep\SE-Project-Front\src\pages\list\search\projects\_mock.js", "JavaScript", 0, 0, 0, 0, 104, 0, 0, 0, 0, 0, 0, 6, 110
"d:\工作\软工实验\sep\SE-Project-Front\src\pages\list\search\projects\components\AvatarList\index.jsx", "JavaScript React", 0, 0, 0, 0, 0, 0, 55, 0, 0, 0, 0, 7, 62
"d:\工作\软工实验\sep\SE-Project-Front\src\pages\list\search\projects\components\AvatarList\index.less", "Less", 0, 0, 0, 0, 0, 0, 0, 44, 0, 0, 0, 7, 51
"d:\工作\软工实验\sep\SE-Project-Front\src\pages\list\search\projects\components\StandardFormRow\index.jsx", "JavaScript React", 0, 0, 0, 0, 0, 0, 21, 0, 0, 0, 0, 3, 24
"d:\工作\软工实验\sep\SE-Project-Front\src\pages\list\search\projects\components\StandardFormRow\index.less", "Less", 0, 0, 0, 0, 0, 0, 0, 84, 0, 0, 0, 5, 89
"d:\工作\软工实验\sep\SE-Project-Front\src\pages\list\search\projects\components\TagSelect\index.jsx", "JavaScript React", 0, 0, 0, 0, 0, 0, 98, 0, 0, 0, 0, 15, 113
"d:\工作\软工实验\sep\SE-Project-Front\src\pages\list\search\projects\components\TagSelect\index.less", "Less", 0, 0, 0, 0, 0, 0, 0, 32, 0, 0, 0, 2, 34
"d:\工作\软工实验\sep\SE-Project-Front\src\pages\list\search\projects\index.jsx", "JavaScript React", 0, 0, 0, 0, 0, 0, 150, 0, 0, 0, 2, 4, 156
"d:\工作\软工实验\sep\SE-Project-Front\src\pages\list\search\projects\service.js", "JavaScript", 0, 0, 0, 0, 6, 0, 0, 0, 0, 0, 0, 1, 7
"d:\工作\软工实验\sep\SE-Project-Front\src\pages\list\search\projects\style.less", "Less", 0, 0, 0, 0, 0, 0, 0, 51, 0, 0, 0, 5, 56
"d:\工作\软工实验\sep\SE-Project-Front\src\pages\list\search\projects\utils\utils.less", "Less", 0, 0, 0, 0, 0, 0, 0, 46, 0, 0, 2, 3, 51
"d:\工作\软工实验\sep\SE-Project-Front\src\pages\list\table-list\_mock.js", "JavaScript", 0, 0, 0, 0, 153, 0, 0, 0, 0, 0, 3, 31, 187
"d:\工作\软工实验\sep\SE-Project-Front\src\pages\list\table-list\components\CreateForm.jsx", "JavaScript React", 0, 0, 0, 0, 0, 0, 17, 0, 0, 0, 0, 3, 20
"d:\工作\软工实验\sep\SE-Project-Front\src\pages\list\table-list\components\UpdateForm.jsx", "JavaScript React", 0, 0, 0, 0, 0, 0, 141, 0, 0, 0, 0, 3, 144
"d:\工作\软工实验\sep\SE-Project-Front\src\pages\list\table-list\index.jsx", "JavaScript React", 0, 0, 0, 0, 0, 0, 278, 0, 0, 0, 18, 19, 315
"d:\工作\软工实验\sep\SE-Project-Front\src\pages\list\table-list\service.js", "JavaScript", 0, 0, 0, 0, 29, 0, 0, 0, 0, 0, 6, 6, 41
"d:\工作\软工实验\sep\SE-Project-Front\src\pages\pageViewer\EntrustmentViewer.js", "JavaScript", 0, 0, 0, 0, 511, 0, 0, 0, 0, 0, 0, 19, 530
"d:\工作\软工实验\sep\SE-Project-Front\src\pages\pageViewer\JS006.js", "JavaScript", 0, 0, 0, 0, 252, 0, 0, 0, 0, 0, 12, 18, 282
"d:\工作\软工实验\sep\SE-Project-Front\src\pages\pageViewer\JS007Display.js", "JavaScript", 0, 0, 0, 0, 644, 0, 0, 0, 0, 0, 10, 23, 677
"d:\工作\软工实验\sep\SE-Project-Front\src\pages\pageViewer\JS008Display.js", "JavaScript", 0, 0, 0, 0, 109, 0, 0, 0, 0, 0, 1, 9, 119
"d:\工作\软工实验\sep\SE-Project-Front\src\pages\pageViewer\JS009Display.js", "JavaScript", 0, 0, 0, 0, 141, 0, 0, 0, 0, 0, 2, 11, 154
"d:\工作\软工实验\sep\SE-Project-Front\src\pages\pageViewer\JS011Display.js", "JavaScript", 0, 0, 0, 0, 110, 0, 0, 0, 0, 0, 1, 9, 120
"d:\工作\软工实验\sep\SE-Project-Front\src\pages\pageViewer\components\dateTranslate.js", "JavaScript", 0, 0, 0, 0, 16, 0, 0, 0, 0, 0, 0, 1, 17
"d:\工作\软工实验\sep\SE-Project-Front\src\pages\profile\advanced\_mock.js", "JavaScript", 0, 0, 0, 0, 75, 0, 0, 0, 0, 0, 0, 3, 78
"d:\工作\软工实验\sep\SE-Project-Front\src\pages\profile\advanced\index.jsx", "JavaScript React", 0, 0, 0, 0, 0, 0, 423, 0, 0, 0, 0, 11, 434
"d:\工作\软工实验\sep\SE-Project-Front\src\pages\profile\advanced\service.js", "JavaScript", 0, 0, 0, 0, 4, 0, 0, 0, 0, 0, 0, 1, 5
"d:\工作\软工实验\sep\SE-Project-Front\src\pages\profile\advanced\style.less", "Less", 0, 0, 0, 0, 0, 0, 0, 54, 0, 0, 0, 7, 61
"d:\工作\软工实验\sep\SE-Project-Front\src\pages\profile\basic\_mock.js", "JavaScript", 0, 0, 0, 0, 87, 0, 0, 0, 0, 0, 0, 3, 90
"d:\工作\软工实验\sep\SE-Project-Front\src\pages\profile\basic\index.jsx", "JavaScript React", 0, 0, 0, 0, 0, 0, 225, 0, 0, 0, 0, 12, 237
"d:\工作\软工实验\sep\SE-Project-Front\src\pages\profile\basic\service.js", "JavaScript", 0, 0, 0, 0, 4, 0, 0, 0, 0, 0, 0, 1, 5
"d:\工作\软工实验\sep\SE-Project-Front\src\pages\profile\basic\style.less", "Less", 0, 0, 0, 0, 0, 0, 0, 7, 0, 0, 0, 2, 9
"d:\工作\软工实验\sep\SE-Project-Front\src\pages\result\fail\index.jsx", "JavaScript React", 0, 0, 0, 0, 0, 0, 72, 0, 0, 0, 0, 1, 73
"d:\工作\软工实验\sep\SE-Project-Front\src\pages\result\fail\index.less", "Less", 0, 0, 0, 0, 0, 0, 0, 10, 0, 0, 0, 2, 12
"d:\工作\软工实验\sep\SE-Project-Front\src\pages\result\success\index.jsx", "JavaScript React", 0, 0, 0, 0, 0, 0, 131, 0, 0, 0, 0, 1, 132
"d:\工作\软工实验\sep\SE-Project-Front\src\pages\result\success\index.less", "Less", 0, 0, 0, 0, 0, 0, 0, 13, 0, 0, 0, 3, 16
"d:\工作\软工实验\sep\SE-Project-Front\src\pages\testingTable\JS006.js", "JavaScript", 0, 0, 0, 0, 337, 0, 0, 0, 0, 0, 35, 18, 390
"d:\工作\软工实验\sep\SE-Project-Front\src\pages\testingTable\JS007.js", "JavaScript", 0, 0, 0, 0, 889, 0, 0, 0, 0, 0, 5, 12, 906
"d:\工作\软工实验\sep\SE-Project-Front\src\pages\testingTable\JS008.js", "JavaScript", 0, 0, 0, 0, 160, 0, 0, 0, 0, 0, 5, 3, 168
"d:\工作\软工实验\sep\SE-Project-Front\src\pages\testingTable\JS009.js", "JavaScript", 0, 0, 0, 0, 219, 0, 0, 0, 0, 0, 5, 3, 227
"d:\工作\软工实验\sep\SE-Project-Front\src\pages\testingTable\JS010.js", "JavaScript", 0, 0, 0, 0, 514, 0, 0, 0, 0, 0, 14, 5, 533
"d:\工作\软工实验\sep\SE-Project-Front\src\pages\testingTable\JS011.js", "JavaScript", 0, 0, 0, 0, 168, 0, 0, 0, 0, 0, 5, 3, 176
"d:\工作\软工实验\sep\SE-Project-Front\src\pages\testingTable\JS012.js", "JavaScript", 0, 0, 0, 0, 229, 0, 0, 0, 0, 0, 5, 3, 237
"d:\工作\软工实验\sep\SE-Project-Front\src\pages\testingTable\JS013.js", "JavaScript", 0, 0, 0, 0, 429, 0, 0, 0, 0, 0, 7, 4, 440
"d:\工作\软工实验\sep\SE-Project-Front\src\pages\testingTable\components\dateTranslate.js", "JavaScript", 0, 0, 0, 0, 16, 0, 0, 0, 0, 0, 0, 1, 17
"d:\工作\软工实验\sep\SE-Project-Front\src\pages\uploads\RepoVerUpload.js", "JavaScript", 0, 0, 0, 0, 55, 0, 0, 0, 0, 0, 0, 3, 58
"d:\工作\软工实验\sep\SE-Project-Front\src\pages\uploads\ScheVerUpload.js", "JavaScript", 0, 0, 0, 0, 54, 0, 0, 0, 0, 0, 0, 3, 57
"d:\工作\软工实验\sep\SE-Project-Front\src\pages\user\Login\index.jsx", "JavaScript React", 0, 0, 0, 0, 0, 0, 255, 0, 0, 0, 19, 16, 290
"d:\工作\软工实验\sep\SE-Project-Front\src\pages\user\Login\index.less", "Less", 0, 0, 0, 0, 0, 0, 0, 43, 0, 0, 0, 8, 51
"d:\工作\软工实验\sep\SE-Project-Front\src\pages\user\register-result\index.jsx", "JavaScript React", 0, 0, 0, 0, 0, 0, 33, 0, 0, 0, 0, 3, 36
"d:\工作\软工实验\sep\SE-Project-Front\src\pages\user\register-result\style.less", "Less", 0, 0, 0, 0, 0, 0, 0, 23, 0, 0, 0, 1, 24
"d:\工作\软工实验\sep\SE-Project-Front\src\pages\user\register\_mock.js", "JavaScript", 0, 0, 0, 0, 10, 0, 0, 0, 0, 0, 1, 0, 11
"d:\工作\软工实验\sep\SE-Project-Front\src\pages\user\register\index.jsx", "JavaScript React", 0, 0, 0, 0, 0, 0, 258, 0, 0, 0, 67, 25, 350
"d:\工作\软工实验\sep\SE-Project-Front\src\pages\user\register\service.js", "JavaScript", 0, 0, 0, 0, 5, 0, 0, 0, 0, 0, 5, 0, 10
"d:\工作\软工实验\sep\SE-Project-Front\src\pages\user\register\style.less", "Less", 0, 0, 0, 0, 0, 0, 0, 72, 0, 0, 4, 16, 92
"d:\工作\软工实验\sep\SE-Project-Front\src\service-worker.js", "JavaScript", 0, 0, 0, 0, 37, 0, 0, 0, 0, 0, 23, 7, 67
"d:\工作\软工实验\sep\SE-Project-Front\src\services\ant-design-pro\api.js", "JavaScript", 0, 0, 0, 0, 44, 0, 0, 0, 0, 0, 31, 11, 86
"d:\工作\软工实验\sep\SE-Project-Front\src\services\ant-design-pro\index.js", "JavaScript", 0, 0, 0, 0, 6, 0, 0, 0, 0, 0, 4, 2, 12
"d:\工作\软工实验\sep\SE-Project-Front\src\services\ant-design-pro\login.js", "JavaScript", 0, 0, 0, 0, 8, 0, 0, 0, 0, 0, 3, 3, 14
"d:\工作\软工实验\sep\SE-Project-Front\src\services\swagger\index.js", "JavaScript", 0, 0, 0, 0, 8, 0, 0, 0, 0, 0, 4, 2, 14
"d:\工作\软工实验\sep\SE-Project-Front\src\services\swagger\pet.js", "JavaScript", 0, 0, 0, 0, 89, 0, 0, 0, 0, 0, 10, 12, 111
"d:\工作\软工实验\sep\SE-Project-Front\src\services\swagger\store.js", "JavaScript", 0, 0, 0, 0, 30, 0, 0, 0, 0, 0, 6, 6, 42
"d:\工作\软工实验\sep\SE-Project-Front\src\services\swagger\user.js", "JavaScript", 0, 0, 0, 0, 60, 0, 0, 0, 0, 0, 10, 10, 80
"d:\工作\软工实验\sep\SE-Project-Front\tests\PuppeteerEnvironment.js", "JavaScript", 0, 0, 0, 0, 30, 0, 0, 0, 0, 0, 4, 8, 42
"d:\工作\软工实验\sep\SE-Project-Front\tests\beforeTest.js", "JavaScript", 0, 0, 0, 0, 29, 0, 0, 0, 0, 0, 6, 5, 40
"d:\工作\软工实验\sep\SE-Project-Front\tests\getBrowser.js", "JavaScript", 0, 0, 0, 0, 37, 0, 0, 0, 0, 0, 5, 4, 46
"d:\工作\软工实验\sep\SE-Project-Front\tests\run-tests.js", "JavaScript", 0, 0, 0, 0, 37, 0, 0, 0, 0, 0, 8, 6, 51
"d:\工作\软工实验\sep\SE-Project-Front\tests\setupTests.js", "JavaScript", 0, 0, 0, 0, 7, 0, 0, 0, 0, 0, 1, 3, 11
"d:\工作\软工实验\sep\SE-Project-Front\代码行数统计\0627\details.md", "Markdown", 292, 0, 0, 0, 0, 0, 0, 0, 0, 0, 0, 6, 298
"d:\工作\软工实验\sep\SE-Project-Front\代码行数统计\0627\diff-details.md", "Markdown", 9, 0, 0, 0, 0, 0, 0, 0, 0, 0, 0, 6, 15
"d:\工作\软工实验\sep\SE-Project-Front\代码行数统计\0627\diff.md", "Markdown", 12, 0, 0, 0, 0, 0, 0, 0, 0, 0, 0, 7, 19
"d:\工作\软工实验\sep\SE-Project-Front\代码行数统计\0627\results.json", "JSON", 0, 1, 0, 0, 0, 0, 0, 0, 0, 0, 0, 0, 1
"d:\工作\软工实验\sep\SE-Project-Front\代码行数统计\0627\results.md", "Markdown", 139, 0, 0, 0, 0, 0, 0, 0, 0, 0, 0, 7, 146
"d:\工作\软工实验\sep\SE-Project-Front\需求文档.md", "Markdown", 64, 0, 0, 0, 0, 0, 0, 0, 0, 0, 0, 35, 99
"Total", "-", 1057, 38222, 1571, 1878, 20731, 357, 13484, 4546, 80, 7, 1625, 3344, 86902